EVENT_ID,MENU_HINT,EVENT_NAME,EVENT_DT,SELECTION_ID,SELECTION_NAME,WIN_LOSE,BSP,PPWAP,MORNINGWAP,PPMAX,PPMIN,IPMAX,IPMIN,MORNINGTRADEDVOL,PPTRADEDVOL,IPTRADEDVOL
189171791,GB / Ascot  16th Oct,TO BE PLACED,16-10-2021 13:25,10771483,Stradivarius,1,1.738618515,1.78047390391389205666188018817799842899,1.78401633490486777536193679154119668992,1.84,1.74,1.77,1.01,7686.66,29814.18,5735.88
189171791,GB / Ascot  16th Oct,TO BE PLACED,16-10-2021 13:25,26256702,Baron Samedi,0,2.6,2.54234899597529449643191762145455320448,2.33104909587840618592635230101644971102,2.8,2.02,1,1001,2234.26,12330.42,288.46
189171798,GB / Ascot  16th Oct,TO BE PLACED,16-10-2021 14:00,10005186,Thunder Moon,0,19.14842874069232,14.7857530794172324290934541097125174768,10.4430144110497161532464547429803357144,18.5,12,1,1001,211.82,1736.32,16.12
189171798,GB / Ascot  16th Oct,TO BE PLACED,16-10-2021 14:00,25867593,Art Power,0,2.318476700135834,2.17132037232675935947213727942016155087,2.46457252716576514306822075196202178036,2.5,1.99,2.38,2.36,1429.86,19443.98,1364.8
189171798,GB / Ascot  16th Oct,TO BE PLACED,16-10-2021 14:00,26340381,Kinross,0,3.2387361351090656,3.24345658335464082172020062279068808906,3.5502414147488912563983417720863205956,4,2.8,1,1001,1121.36,7605.98,92.9
189171798,GB / Ascot  16th Oct,TO BE PLACED,16-10-2021 14:00,28575476,Nando Parrado,0,41.76817368042284,38.5913581710834839835773399435180920038,36.9240826387665786048122608892883513287,50,32,910,25,120.42,786.86,37.96
189171826,GB / Ascot  16th Oct,TO BE PLACED,16-10-2021 16:30,20749576,Raise You,0,5.5,5.52943611731165713089366084931059382248,4.59361715282689560096123820480140391081,6.4,4.8,1,1001,574.3,6921.1,18.24
189171805,GB / Ascot  16th Oct,TO BE PLACED,16-10-2021 14:35,10220244,Invite,0,1.86,1.95115295871559556079083560173217703221,1.92457953159453254810134731429157636865,2.08,1.87,2.04,2.04,1966.7,20864.68,1361.72
189171837,GB / Market Rasen 16th Oct,TO BE PLACED,16-10-2021 13:00,39410480,Hoorayforhannah,0,81.54,1,86.4685799632716060385120014022032529007,1,1001,1,1001,51.56,0,0
189171842,GB / Market Rasen 16th Oct,TO BE PLACED,16-10-2021 13:35,27477607,Foillan,1,4.773555421351921,3.6406508389148038362826729841934300343,3.63590175389183837233137451873230657759,1,1001,1,1001,78.44,443.24,276.02
189171842,GB / Market Rasen 16th Oct,TO BE PLACED,16-10-2021 13:35,37033384,Galore Desassences,1,3.916276185,3.81321630438296240853846271757802998899,2.64440872365199449418239603662435518283,4.2,4.2,1,1001,248.04,1201.16,175.58
189171842,GB / Market Rasen 16th Oct,TO BE PLACED,16-10-2021 13:35,38469764,Presenting Pete,0,5.682564638376935,4.97198782697734774484142483267856153537,4.80625728994480955929559378153722754549,1,1001,1,1001,50,643.84,136.26
189171842,GB / Market Rasen 16th Oct,TO BE PLACED,16-10-2021 13:35,26548197,Fair Star,0,1.34,1.39915037298449174584378927955514001558,1.49762008309187033568988527054554044646,1.42,1.35,1,1001,126.4,3568.2,690
189171867,GB / Market Rasen 16th Oct,TO BE PLACED,16-10-2021 16:25,41324767,Trolley Boy,1,1.4359400153578465,1.46131958757031784093261324763264331626,1.60621026642626487433969117590042311079,1.45,1.43,1.18,1.18,570.98,7696.9,854.66
189171867,GB / Market Rasen 16th Oct,TO BE PLACED,16-10-2021 16:25,466112,Simply Red,0,7.2,6.83142736914642214918670324906695776934,1,1,1001,730,730,0,186.26,14.8
189171862,GB / Market Rasen 16th Oct,TO BE PLACED,16-10-2021 15:55,19746487,Check My Pulse,0,2.876204941,2.92580178124639095142906646375451961864,2.2178420963108836446513717983489366083,3.1,3.1,1,1001,17.08,2179.92,185.38
189171862,GB / Market Rasen 16th Oct,TO BE PLACED,16-10-2021 15:55,37946363,Obey The Rules,0,4.4,4.13270565686521375168732839449520154351,3.87298570449487761143532224873994286854,1,1001,4,4,28.1,773.28,502.92
189172230,GB / Wolverhampton 16th Oct,TO BE PLACED,16-10-2021 17:30,19936219,Black Medick,0,4.129520960479238,4.18786826028080597112469442165182668454,3.77996824775603273915212627192267614384,4.3,4.3,1,1001,4.22,994.82,69.3
189172235,GB / Wolverhampton 16th Oct,TO BE PLACED,16-10-2021 18:00,18856310,Tinsmith,0,1.72,1,2.88539526536059966997688122933927531401,1,1001,1,1001,36.1,0,0
189172240,GB / Wolverhampton 16th Oct,TO BE PLACED,16-10-2021 18:30,36814436,Algheed,0,4.2,4.84144463195515950227679276375750449179,3.99522335170761231003479413626949433812,4.9,4.9,1,1001,22,618.22,40.78
189172245,GB / Wolverhampton 16th Oct,TO BE PLACED,16-10-2021 19:00,54851,The Trader,0,2.9247163914509287,3.14778503554455216883975527869782333561,2.55781201197018211421925750457188868282,3.3,3.15,9,9,24.36,2783.58,591.8
189172250,GB / Wolverhampton 16th Oct,TO BE PLACED,16-10-2021 19:30,35984591,Quiet Pride,0,169.28662468422203,49.5030531329677455586510521128915915975,1,180,26,1,1001,0,85.97,15.74
189172225,GB / Wolverhampton 16th Oct,TO BE PLACED,16-10-2021 17:00,13607430,Regina George,0,2.321451838135059137306,2.40568166779869648764218410646183062439,1,2.5,2.26,1,1001,0,3688.08,230.62
189172225,GB / Wolverhampton 16th Oct,TO BE PLACED,16-10-2021 17:00,35872003,Party Rebel,0,2.60161784026581064674,2.63182891570707820514224130571666901128,2.44198258085576369135791755312224842741,2.67,2.55,1,1001,14.98,3381.92,35.52
189172260,GB / Wolverhampton 16th Oct,TO BE PLACED,16-10-2021 20:30,24599181,Dark Side Prince,1,1.753967903134095,1.8283964141097091931144305644909994966,2.55870106537318596972936494209551978044,1.72,1.7,1,1001,41.08,4840.84,266.88
189172260,GB / Wolverhampton 16th Oct,TO BE PLACED,16-10-2021 20:30,33676935,Toplight,0,3.156713126,3.13108372610821477096799286413529300326,3.09786779772930485517047313323740480584,3.65,2.76,1,1001,4,3078.5,18.42
189172260,GB / Wolverhampton 16th Oct,TO BE PLACED,16-10-2021 20:30,32393195,Gizza Job,0,55.925160531572146,44.0436894994810954290006015417793626805,1,60,30,1,1001,0,226.98,0
189172255,GB / Wolverhampton 16th Oct,TO BE PLACED,16-10-2021 20:00,40450772,Viadelamore,1,4.817803118305747,5.92044825280230367627598892856685235879,7.79989630158140088363652454300071923903,8,4.4,1,1001,4,2183.34,365.48
189172255,GB / Wolverhampton 16th Oct,TO BE PLACED,16-10-2021 20:00,40693506,Army General,1,1.7889420757453265,1.91657080887515177554964103725087844772,1.96299623703720387619261245630859796747,1.98,1.82,1,1001,49.3,3798.1,1105.1
189172753,GB / Stratford 16th Oct,TO BE PLACED,16-10-2021 13:45,36517303,Don Alvaro,0,2.342378644163818,2.3126464769206907085056010134142483648,2.17999623876198894616023411425376081614,2.3,2.3,1,1001,16,1896.96,181.46
189172753,GB / Stratford 16th Oct,TO BE PLACED,16-10-2021 13:45,2844686,Dont Stop Now,0,1.6398821302956086,1.68127146620881455344045645493039435524,1.65996953875206682664700949599642062962,1.76,1.76,1.76,1.76,8,4070.82,584.78
189172758,GB / Stratford 16th Oct,TO BE PLACED,16-10-2021 14:20,12077917,Scottsdale,0,10.5,7.27601054198898678099989177871583641822,11.469930898456070189936746417473644674,10,9.2,1,1001,4,883.56,25.48
189172773,GB / Stratford 16th Oct,TO BE PLACED,16-10-2021 16:05,8997940,Crystal Gazing,0,3.074992249736388,3.22229942816981223349013608435188183086,2.74269575944031869522450828702983489407,3.3,3.2,1,1001,24,2752.58,305.26
189173067,GB / Catterick 16th Oct,TO BE PLACED,16-10-2021 15:40,23742618,Sunday Sovereign,1,3.3016680521886883,3.3190888977588654418640107406432941579,3.08841618514966592917935678504568627231,1,1001,1,1001,26,2531.02,24.42
189173047,GB / Catterick 16th Oct,TO BE PLACED,16-10-2021 13:20,40105538,Octophobia,1,10,9.13738712420290092627140904374078688567,1,9.44,9.44,1,1001,0,272.34,197.78
189173047,GB / Catterick 16th Oct,TO BE PLACED,16-10-2021 13:20,237709,Aldabra,0,21,12.5593126062802759322505090791386670088,12.381395890563228525586662244012699335,17.87,11.31,1,1001,14,701.66,0
189173052,GB / Catterick 16th Oct,TO BE PLACED,16-10-2021 13:55,40027959,Imperial Eight,1,2.0681378628284435,2.08810406327725063285015434985683910694,2.08872143258477259724434749302040911045,2.12,2,1,1001,67,4685.76,329.14
189173057,GB / Catterick 16th Oct,TO BE PLACED,16-10-2021 14:30,24611989,One Hart,0,2.4498630208412946,2.18185078088239636258168431227844318853,2.54998165855037382057645651193127547991,2.7,2.48,1,1001,6,4661.16,40.12
189173062,GB / Catterick 16th Oct,TO BE PLACED,16-10-2021 15:05,781841,Nietzsche,0,5.4201771043463305,5.58134994913029869992420166721363064601,3.28635033396169331378435616374595638716,1,1001,1,1001,11,1525.92,39.6
189173062,GB / Catterick 16th Oct,TO BE PLACED,16-10-2021 15:05,4353373,Great Esteem,0,6.950536275,6.40960300179441123105603797222642458453,4.19998410674560316350428792870328744034,1,1001,910,720,6,682.46,6.34
189173062,GB / Catterick 16th Oct,TO BE PLACED,16-10-2021 15:05,5579282,Little Ted,1,2.869057921666827,2.64207257536774475443162615779539930633,2.6786134652776806357948334675557989101,2.94,2.54,1,1001,.1,3619.36,644.3
189173072,GB / Catterick 16th Oct,TO BE PLACED,16-10-2021 16:15,10987257,Tomily,0,4.531666734,4.87937623371992416363065574288560713823,3.90499497435869435945875813634842411723,5.1,4.7,3.25,3.25,20,986.64,107.84
189173077,GB / Catterick 16th Oct,TO BE PLACED,16-10-2021 16:50,26781774,Tindrum,1,4.621225018,2.89278961349629447053766268118880065552,3.61469896890964363816029273260743753711,1,1001,1,1001,71.36,1900.88,150.8
189173436,GB / Ffos Las 16th Oct,TO BE PLACED,16-10-2021 13:40,37413709,Drash On Ruby,1,2.2935257805184674,2.27671774498037505482747228327734507131,2.42479119649157730181703007975264066657,1,1001,1,1001,148.42,1890.48,707.12
189173436,GB / Ffos Las 16th Oct,TO BE PLACED,16-10-2021 13:40,38863243,Current Mood,1,1.732232332397289,1.81936652463801070287800761996565967478,2.42729913444613118542079658565429294185,1.85,1.85,1,1001,46.1,3485.12,657.28
189173451,GB / Ffos Las 16th Oct,TO BE PLACED,16-10-2021 15:25,36476458,Dynamic Kate,1,2.1353338403794804,2.24236846623097265309303182678660073072,2.38022039068527913998281742566840392291,1,1001,1,1001,23.24,1402.5,935.52
189173461,GB / Ffos Las 16th Oct,TO BE PLACED,16-10-2021 16:35,17094738,Monsieur Lecoq,0,5.795940927881455,5.84309879530772370919150655204169492197,6.06465781219392674734578699023648075432,1,1001,1,1001,70.8,1053.1,106.84
189173466,GB / Ffos Las 16th Oct,TO BE PLACED,16-10-2021 17:05,23030559,Marilyn Monroe,0,2.444614291628385,2.22207432804041010722375312136160980453,2.38632465025831593396075569078457629144,1,1001,930,910,52.36,832.2,97.34
189173466,GB / Ffos Las 16th Oct,TO BE PLACED,16-10-2021 17:05,36218114,Barden Bella,1,2.554964024,2.57901059079171702514058920632866992832,2.64999340002639989440042239831040675837,1,1001,1,1001,8,881.5,484.18
189173466,GB / Ffos Las 16th Oct,TO BE PLACED,16-10-2021 17:05,12899226,Oriental Cross,1,5.8,5.89074856419525096271194533960297462503,1,6.4,5.8,1,1001,0,452.52,317.66
189173446,GB / Ffos Las 16th Oct,TO BE PLACED,16-10-2021 14:50,28174758,Stadmallen,0,7.2,6.80759810792736671807374477470574120177,7.48813805548895072089147120585960569987,6.8,6.8,930,910,10.8,297.92,21.66
189173446,GB / Ffos Las 16th Oct,TO BE PLACED,16-10-2021 14:50,10802452,To Be Sure,0,3.25,3.21602303588251262183796657327020549148,3.27618776245379798983814855201248986973,3.4,3.4,1000,680,135.48,1149.92,105
189173446,GB / Ffos Las 16th Oct,TO BE PLACED,16-10-2021 14:50,26830879,Alkademon,0,6.258696202354624,6.55543009056493825092862693071447999181,10.2421617713629635871532575237231196406,7,6.6,1,1001,8.72,1077.06,52.54
189173471,GB / Ffos Las 16th Oct,TO BE PLACED,16-10-2021 17:40,41324787,Copper Cove,1,3.24,1,2.83965046641138183745088433197692438437,1,1001,1,1001,.1,0,0
189171791,GB / Ascot  16th Oct,TO BE PLACED,16-10-2021 13:25,18155702,Master Of Reality,0,17.309542198400006,16.6020490406540389721597955343626461977,16.3022496841796227653147732626140553683,20,15,16,15,254.42,1889.66,331.36
189171791,GB / Ascot  16th Oct,TO BE PLACED,16-10-2021 13:25,36123,Hamish,0,2.06,2.07615837966598833735717590033269210333,1.99088833635091279963558406522272020778,2.18,1.95,1,1001,2536.04,13466.92,666.84
189171798,GB / Ascot  16th Oct,TO BE PLACED,16-10-2021 14:00,20473723,Gustavus Weston,0,8.6,7.61043642907404513590201080885446446317,6.14904181858923520007258508419836579163,8.6,7.4,440,440,417.02,3114.2,111.7
189171798,GB / Ascot  16th Oct,TO BE PLACED,16-10-2021 14:00,21179783,Last Empire,0,16.5,22.2022786072911702351000705336445208208,27.2056880851586830810905366026411890385,28,16,13.5,13.5,222.56,2100.26,86.12
189171798,GB / Ascot  16th Oct,TO BE PLACED,16-10-2021 14:00,26376150,Creative Force,1,2.856499896818641,2.87432021816333572962355783793727273999,2.97029358613927584346007382710220388032,3.1,2.74,1,1001,2437.22,13140.94,656.8
189171819,GB / Ascot  16th Oct,TO BE PLACED,16-10-2021 15:50,29291860,Mac Swiney,1,8.6,8.5366491182472527654813137070890079501,8.33326315325529792175379247888077118398,10.5,7.6,1,1001,160.6,4762.48,510.48
189171819,GB / Ascot  16th Oct,TO BE PLACED,16-10-2021 15:50,36390300,Adayar,0,1.57,1.5969126645467449338947988906186397636,1.5924504111843248944148385622604195113,1.67,1.54,1000,1.15,671.74,39601.8,3459.92
189171819,GB / Ascot  16th Oct,TO BE PLACED,16-10-2021 15:50,37509877,Foxes Tales,0,7.602695829744629,8.19259438428853675097932141340419908624,9.1309158661329522059402364824797944034,11,6.8,930,930,495.48,5762.56,46.2
189171826,GB / Ascot  16th Oct,TO BE PLACED,16-10-2021 16:30,5467900,King Leonidas,0,2.643855062228903,2.55376687381560073758757539465002425263,2.47624317124748716145094814715934934475,2.96,2.4,2.48,2.48,1265.82,11319.94,272.04
189171826,GB / Ascot  16th Oct,TO BE PLACED,16-10-2021 16:30,28601447,Sunray Major,0,1.73,1.63828022395378637190469501503273721671,1.56140465057074232901147814165746365576,1.82,1.5,1.62,1.6,2654.5,29848.5,1506.22
189171826,GB / Ascot  16th Oct,TO BE PLACED,16-10-2021 16:30,11817468,Saltonstall,0,15,13.1003655215286363096878695749564338985,9.59193406795850691704862557667117577384,19,10.5,1,1001,266.18,2269.69,64.86
189171812,GB / Ascot  16th Oct,TO BE PLACED,16-10-2021 15:10,25784899,Palace Pier,1,1.27,1.30499641789066031258078205895795851088,1.40010883947794103735438343353220258349,1.43,1.26,1,1001,1680.44,43705.86,1247.38
189171812,GB / Ascot  16th Oct,TO BE PLACED,16-10-2021 15:10,12685204,Benbatl,0,8,7.4500803754273677400262431364062107786,6.19958591357763186287843196001332468865,9,6,3.9,3.9,292.1,4767.59,455.6
189171805,GB / Ascot  16th Oct,TO BE PLACED,16-10-2021 14:35,28618413,Albaflora,1,1.3514404998731335,1.52536480567582139449210215529912482593,1.71377732661953234370448393713436662702,1.67,1.38,1.42,1.42,5037.86,30039.46,2129.42
189171837,GB / Market Rasen 16th Oct,TO BE PLACED,16-10-2021 13:00,36844732,Moonamacaroona,0,1.27,1,1.26772165674628689878288719626574915957,1,1001,1,1001,531,0,0
189171842,GB / Market Rasen 16th Oct,TO BE PLACED,16-10-2021 13:35,21973369,Dionysis,0,5.2,5.21292331707885286549463593451744708058,6.24381304532248543067641601833832475869,1,1001,2.46,2.46,4.74,1472.48,732.28
189171842,GB / Market Rasen 16th Oct,TO BE PLACED,16-10-2021 13:35,38340841,At Poets Cross,0,1.248128090857863,1.27000101375677056177681629772089451943,1.29745202077879468001734952575450546529,1.27,1.25,930,4,270.34,7847.76,837.5
189171842,GB / Market Rasen 16th Oct,TO BE PLACED,16-10-2021 13:35,32495068,Maninsane,1,1.852144610328828,2.02942516520846728888319681972431419923,2.24477351189873144961480392531474253235,2.22,1.91,1.86,1.8,154,3288.88,906.5
189171842,GB / Market Rasen 16th Oct,TO BE PLACED,16-10-2021 13:35,19925121,Hectors Here,0,12.15053679972829,10.3342379352815278983863851521959179167,8.70107332272344286697627937312673132203,12,12,1,1001,18.44,394.46,8
189171842,GB / Market Rasen 16th Oct,TO BE PLACED,16-10-2021 13:35,41163843,Post Chaise,0,190,47.2383752153632981541124286383775549222,1,100,38,1,1001,0,49.24,0
189171867,GB / Market Rasen 16th Oct,TO BE PLACED,16-10-2021 16:25,40847662,Sarsen,0,1.637396370270653,1.65584384661527963264326681504692745185,1.52724018922324047209463784751632895201,1,1001,1,1001,6.68,3722.54,184.7
189171867,GB / Market Rasen 16th Oct,TO BE PLACED,16-10-2021 16:25,41324771,Le Fils De Force,1,4.3,4.24092985840306646980973713185129976389,1,4.1,4.1,1,1001,0,573.8,503.52
189172240,GB / Wolverhampton 16th Oct,TO BE PLACED,16-10-2021 18:30,39187213,Aunt Agatha,0,3.292342843725007,3.45656353261390454334598261043986669427,6.79998730642508694846290740441140448683,3.2,3.2,1,1001,11.88,786.74,44.12
189172245,GB / Wolverhampton 16th Oct,TO BE PLACED,16-10-2021 19:00,31428755,Patient Dream,0,2.3907018132598017,2.23528491040833615927780173468783852873,2.12495157919891234205301726091017012847,2.3,2.3,1,1001,71.24,1436.44,166.3
189172250,GB / Wolverhampton 16th Oct,TO BE PLACED,16-10-2021 19:30,10180269,Atacama Desert,0,3.577515794830652,3.20649407258989868339367998560092939998,1,3.65,3.15,1,1001,0,3031.74,54.26
189172250,GB / Wolverhampton 16th Oct,TO BE PLACED,16-10-2021 19:30,39597133,Race Card,0,2.12,2.0985483255190819394038603907512081625,1,1,1001,1,1001,0,1894.14,114.38
189172250,GB / Wolverhampton 16th Oct,TO BE PLACED,16-10-2021 19:30,40736792,Master Of Combat,1,2.688487285219726,2.96051430166634935252421665479648633126,2.69350993354953512045379025069302620243,3.2,2.68,1,1001,7.76,4614.26,286.9
189172225,GB / Wolverhampton 16th Oct,TO BE PLACED,16-10-2021 17:00,20969534,Liams Lass,0,2.895131678996480512307,2.63562155383434588099962410068296640761,2.35303346460789977808912385840499970949,3.04,3.04,5.5,5.5,63.46,2450.14,808.1
189172225,GB / Wolverhampton 16th Oct,TO BE PLACED,16-10-2021 17:00,40849661,Phlegon,0,7.5823896832333266662,6.31131250133839506606220263795100735802,3.34776208853059403200830425047337824358,1,1001,1,1001,12,511.34,0
189172225,GB / Wolverhampton 16th Oct,TO BE PLACED,16-10-2021 17:00,37364560,Pips Tune,0,13.52538946055918,11.9519030329847744980510825273920130566,5.12458746125411778748192605494479296783,13.76,11.63,910,910,10,546.98,1.02
189172260,GB / Wolverhampton 16th Oct,TO BE PLACED,16-10-2021 20:30,12942879,Billy Dylan,1,7.13041379031781,6.02867443964050430803304754431231852342,5.88137741261322807232475750437940251289,6.8,5.5,5.1,5.1,17.2,1680.84,584.86
189172758,GB / Stratford 16th Oct,TO BE PLACED,16-10-2021 14:20,20821428,Alramz,1,3.65,2.88228639788342089489234776601284675816,3.98945039747329485855467530203836404931,3.85,3.85,3.1,3.1,75.22,2068.06,903.92
189172768,GB / Stratford 16th Oct,TO BE PLACED,16-10-2021 15:30,7808737,King Alfonso,0,5.6,5.5348973008865335477980904684073568836,1,1,1001,1,1001,0,804.64,28.72
189173057,GB / Catterick 16th Oct,TO BE PLACED,16-10-2021 14:30,24026495,Praxeology,0,4.5,3.07550335393569949401283682926863013515,4.06998744096046879808218966376955730636,4.5,4.5,1,1001,7.48,1530.84,130.7
189173072,GB / Catterick 16th Oct,TO BE PLACED,16-10-2021 16:15,9438225,Bossipop,0,3.957717137,3.97323552100815848733623781415203899126,3.22513536643718863007805493165320566979,4.3,3.9,440,2.48,54.1,2860.26,204.8
189173072,GB / Catterick 16th Oct,TO BE PLACED,16-10-2021 16:15,11778714,Muscika,0,2.449955278878442,2.5375889346839330699788256546408064582,2.32052520797938302457602763200139381551,2.58,2.44,1,1001,68.32,4233.54,41.24
189173072,GB / Catterick 16th Oct,TO BE PLACED,16-10-2021 16:15,12988962,Zumurud,0,2.6905327097066047,2.71359600845831198719760815693271899735,3.86409907748230390466305421383438060762,2.62,2.58,1,1001,62,3759.08,0
189173077,GB / Catterick 16th Oct,TO BE PLACED,16-10-2021 16:50,12685210,Daawy,0,5.220161934418976,3.31636020528521356611403292955218143692,3.99956256379278021955131543316599662549,1,1001,1,1001,.24,1288,52.84
189173077,GB / Catterick 16th Oct,TO BE PLACED,16-10-2021 16:50,6726404,The Navigator,0,3.7,3.22387761819990872265577385896232966996,3.90745085316900817058606695407658587425,3.65,3.65,5,5,21.72,2889.9,181.08
189173436,GB / Ffos Las 16th Oct,TO BE PLACED,16-10-2021 13:40,35586841,Hashtag Val,0,2.5898314285212383,2.58429589563890972907557899576082184542,1.68630492708815159122129041054316081946,1,1001,1,1001,12.36,4150.16,112.62
189173461,GB / Ffos Las 16th Oct,TO BE PLACED,16-10-2021 16:35,8928585,Leoncavallo,1,5.371051432618987,4.88616346572861210354897448782800775426,4.11307147419768255551500127047275560958,5.1,5.1,1,1001,79.86,767,586.28
189173461,GB / Ffos Las 16th Oct,TO BE PLACED,16-10-2021 16:35,10439677,Ballyandy,0,3.8773313002051504,3.78731439195613941825982869003759871353,3.38845366294628334015991722909386174076,4,3.9,1,1001,216.88,3198.92,98.28
189173461,GB / Ffos Las 16th Oct,TO BE PLACED,16-10-2021 16:35,36476462,Dobryn,0,3.4,3.28591506068743241774311035623835405959,4.04052499711116607482343396003875985178,3.15,3.15,1,1001,32.52,1383.98,133.3
189173466,GB / Ffos Las 16th Oct,TO BE PLACED,16-10-2021 17:05,24258501,Roseisaroseisarose,0,1.757741067,1.83686438862780180385569380228332453794,1.80594601323098924445931498734427734897,1.88,1.88,1,1001,12.64,1980.7,468.86
189173441,GB / Ffos Las 16th Oct,TO BE PLACED,16-10-2021 14:15,22387069,Just Got To Get On,1,4.168126223,4.1806656768604210935034269022879517358,1,1,1001,1,1001,0,1113.9,516.5
189173441,GB / Ffos Las 16th Oct,TO BE PLACED,16-10-2021 14:15,24599204,Master Of Spin,0,2.6089638935000403,2.71851640291166522772470324590607474842,3.25270101828890134762319746225324380055,1,1001,5,5,15.52,947.68,221.02
189173471,GB / Ffos Las 16th Oct,TO BE PLACED,16-10-2021 17:40,41324786,Leading Choice,1,5.4,1,1,1,1001,1,1001,0,0,0
189173471,GB / Ffos Las 16th Oct,TO BE PLACED,16-10-2021 17:40,41324788,Callistos King,0,2.69,1,2.43999294403457423058627012727637634576,1,1001,1,1001,4,0,0
189171791,GB / Ascot  16th Oct,TO BE PLACED,16-10-2021 13:25,21155037,Trueshan,1,1.1626876001567779,1.23801891448440366182345964593690349919,1.30948117910376323485501532109192206125,1.35,1.16,1.2,1.2,11432.96,46364.62,3464.68
189171791,GB / Ascot  16th Oct,TO BE PLACED,16-10-2021 13:25,36814469,Tashkhan,1,13,13.6337965190570176595721794661877860391,11.9308356057254049135503989958221789484,16.5,11.83,10.5,10.5,540.96,3291.96,1063.44
189171819,GB / Ascot  16th Oct,TO BE PLACED,16-10-2021 15:50,26468607,Mishriff,0,1.34,1.35186274404713273076501042998823828847,1.36634530258730284313026487658552314639,1.38,1.33,1.1,1.1,1023.36,29504.5,1250.36
189171826,GB / Ascot  16th Oct,TO BE PLACED,16-10-2021 16:30,36364329,Aldaary,1,1.88,2.037242247439749986638337761061476809,2.67430588244737415920950833931514549652,2.6,1.83,1.03,1.03,1820.6,14377.44,2350.02
189171826,GB / Ascot  16th Oct,TO BE PLACED,16-10-2021 16:30,20233829,Sir Busker,0,2.711915857356071,3.02662493952264911360247391333188731403,3.85485135098886108418439206146449505457,3.75,2.56,3.5,3.5,1477.84,12367.82,378.42
189171812,GB / Ascot  16th Oct,TO BE PLACED,16-10-2021 15:10,12870276,The Revenant,0,2.24,2.2598980510972591753543902886014412884,2.58808515451986610525023944206102887363,2.4,2.12,2.02,2.02,1114.58,22144.26,1418.46
189171812,GB / Ascot  16th Oct,TO BE PLACED,16-10-2021 15:10,20712661,Lady Bowthorpe,1,8.933975368399405,7.40061729520005526097214432496767048225,6.25311628581373884406903671831312347877,8.8,6,9.6,9.6,547.46,4572.08,1108.48
189171812,GB / Ascot  16th Oct,TO BE PLACED,16-10-2021 15:10,28633406,Mother Earth,0,6.823974490578841,6.58306113913620014735390051455033592822,5.48760817357595351300268661108296909021,7,6,1,1001,343.04,5123.89,110.68
189171805,GB / Ascot  16th Oct,TO BE PLACED,16-10-2021 14:35,35400423,Lady Hayes,0,10.376447322657336,8.0240346871552222041916255699057999448,6.58014614705063456700858468756219982035,10,7.2,1,1001,93.72,3567.06,105.2
189171805,GB / Ascot  16th Oct,TO BE PLACED,16-10-2021 14:35,6630529,Mystery Angel,0,7.6,7.38771480944343139366810488986580786585,8.19775157355725865579026249683523544249,8.4,7,910,910,46.64,2711.96,151.14
189171837,GB / Market Rasen 16th Oct,TO BE PLACED,16-10-2021 13:00,35791708,Glimpse Of Gala,1,2.01,1,2.19626684895218311622505510503792757512,1,1001,1,1001,347.16,0,0
189171857,GB / Market Rasen 16th Oct,TO BE PLACED,16-10-2021 15:20,12888436,Casablanca Mix,0,3.05,2.78628858664936175679397808024234555122,2.18569674773301445207481860738501974643,3.2,2.14,910,7,607.56,3280,497.14
189171857,GB / Market Rasen 16th Oct,TO BE PLACED,16-10-2021 15:20,14607893,Francky Du Berlais,0,3.03804538685079,3.08139447492082745844601987045766810291,2.55208005214034987717482167857130450201,1,1001,930,910,112.84,1552.78,123.52
189171857,GB / Market Rasen 16th Oct,TO BE PLACED,16-10-2021 15:20,16519433,Due Reward,0,5.35163988587359,5.21418312643229319044759429754878107036,6.46861133309264760110264129340579559154,5.1,5.1,310,310,95.84,1793.1,17.5
189171867,GB / Market Rasen 16th Oct,TO BE PLACED,16-10-2021 16:25,41324768,Coriano Ridge,0,13.316752946,12.5782910141075992434511913500538478437,1,12.5,12.5,910,910,0,125.42,37.28
189171862,GB / Market Rasen 16th Oct,TO BE PLACED,16-10-2021 15:55,12464459,Charle Brune,0,4.852250862,4.9149062742658970138399446392598356044,1,5.1,5.1,720,65,0,1114.8,68.92
189172230,GB / Wolverhampton 16th Oct,TO BE PLACED,16-10-2021 17:30,15857534,Heat And Dust,1,3.85,3.69617745239382919830005922366478297186,2.95890301431198528823858639162069241225,1,1001,1,1001,.1,1603.18,135.8
189172230,GB / Wolverhampton 16th Oct,TO BE PLACED,16-10-2021 17:30,27351209,Mr Dib Dab,0,5.864369159,5.80382308489529107560940519389280538275,5.99991512489757118320522336812183743794,6.4,5.9,1,1001,3.24,1634.72,48.48
189172235,GB / Wolverhampton 16th Oct,TO BE PLACED,16-10-2021 18:00,24419351,Thematic,0,2.5,1,3.08740897695725216138340802127261344348,1,1001,1,1001,28.18,0,0
189172235,GB / Wolverhampton 16th Oct,TO BE PLACED,16-10-2021 18:00,27274538,Tibbie Dunbar,0,4.15,1,3.555954034263738601797734185907708273,1,1001,1,1001,22,0,0
189172235,GB / Wolverhampton 16th Oct,TO BE PLACED,16-10-2021 18:00,35482057,First Charge,1,13.68,1,1,1,1001,1,1001,0,0,0
189172245,GB / Wolverhampton 16th Oct,TO BE PLACED,16-10-2021 19:00,5067069,Central City,0,23.678099168541372,18.3478269753809737183386338760348037594,16.9998988006400859514563570385417312236,22,14.5,930,930,8,905.56,11.3
189172250,GB / Wolverhampton 16th Oct,TO BE PLACED,16-10-2021 19:30,39352329,Motarajja,0,1.65,1.82017243672732597101477358995323074235,3.9399447290390940650315774063447607185,1.78,1.67,1,1001,4,4728.32,52.58
189172225,GB / Wolverhampton 16th Oct,TO BE PLACED,16-10-2021 17:00,36324245,Point Louise,1,2.970610541865247569294,3.13665260565678389560967927848427493578,1,3.3,2.96,1.06,1.06,0,3380.08,823.52
189172255,GB / Wolverhampton 16th Oct,TO BE PLACED,16-10-2021 20:00,40590186,Beautiful Colour,0,4.9,4.50760049488071881813473164527202020428,1,5,4.3,1,1001,0,2380.58,85.1
189172255,GB / Wolverhampton 16th Oct,TO BE PLACED,16-10-2021 20:00,29970,At The Double,0,142.834756917487,70.2187603897143970755946732731484405026,17.4873812908547058461179079510627523482,150,44,1,1001,4,282.16,.5
189172255,GB / Wolverhampton 16th Oct,TO BE PLACED,16-10-2021 20:00,220274,Prince Of Persia,0,40,28.760809077324231883040226983266038615,20.9999780000241999733800292819677898354,42,21,1,1001,20,249.6,0
189172255,GB / Wolverhampton 16th Oct,TO BE PLACED,16-10-2021 20:00,41324802,Cynical Point,0,2.563198305,2.91818370646249109886452421028813261763,1,3.1,2.58,1,1001,0,3429.7,13.02
189172758,GB / Stratford 16th Oct,TO BE PLACED,16-10-2021 14:20,35447350,Masterdream,0,1.7663138207158775,1.52458645832632031796684831522646574174,1.76170235316029773565397147404133611825,1.82,1.82,1.83,1.8,76.92,5505.24,1237.1
189172778,GB / Stratford 16th Oct,TO BE PLACED,16-10-2021 16:40,7419945,Mariners Moon,0,2.351168823554544,2.28323143603724591273653952217871239156,2.03237567700984533836717041682598955588,1,1001,930,910,204.12,2726.1,567.18
189172778,GB / Stratford 16th Oct,TO BE PLACED,16-10-2021 16:40,8637718,Fact Flow,1,9,8.73484769413304616367571687851041996632,5.69990572378459390666660591837832365374,9,8,1,1001,3.38,1427.38,445.04
189173067,GB / Catterick 16th Oct,TO BE PLACED,16-10-2021 15:40,13388949,Zargun,1,2.6,2.63095964329747973618288518469643491001,2.65573764511031020041632809704946995214,3.05,2.4,1.03,1.03,15.24,5934.44,1825.72
189173067,GB / Catterick 16th Oct,TO BE PLACED,16-10-2021 15:40,18889960,Count Dorsay,0,1.7030504124210257,1.72486729777999124836039785654478715368,1.65680869762256436804051222780821720707,1.79,1.67,1000,910,126.88,13493.38,214.98
189173047,GB / Catterick 16th Oct,TO BE PLACED,16-10-2021 13:20,8556362,Tudor Queen,0,1.894749312188524,1.89116249471767658343733735287546774236,2.11391420388808764475374325427055720185,1.82,1.82,1,1001,249.84,3238.66,20.46
189173052,GB / Catterick 16th Oct,TO BE PLACED,16-10-2021 13:55,35984005,Sovereign Moon,0,2.92,2.92297143978857185154506789771187279871,1,1,1001,1,1001,0,2032.44,45.7
189173052,GB / Catterick 16th Oct,TO BE PLACED,16-10-2021 13:55,38747907,Skedaddled,0,80,42.1139076615671131485797880941362176152,1,55,36,110,100,0,124.64,9.3
189173057,GB / Catterick 16th Oct,TO BE PLACED,16-10-2021 14:30,12925616,Queens Sargent,1,4.4,3.05633764746040655888459596174762157316,4.16426366352862257366036705522430154605,4.1,4.1,1,1001,28.78,1382.3,193.92
189173072,GB / Catterick 16th Oct,TO BE PLACED,16-10-2021 16:15,11126947,Redrosezorro,1,2.944453797,3.04352820420653305759931752737663693639,3.1415438089020823940849288793810282932,3.05,3,1,1001,70.5,2315.88,680.04
189173072,GB / Catterick 16th Oct,TO BE PLACED,16-10-2021 16:15,13073701,Savalas,0,11.5,9.50304000195579044771543824507577352172,7.79996207713456982643750640621427303578,11.5,9.8,1,1001,5.2,650.54,.02
189173077,GB / Catterick 16th Oct,TO BE PLACED,16-10-2021 16:50,35621100,Overthink,0,3.8619648772036324,3.21867392343008245524029123368409904573,2.98808071561705851453240903563235436616,3.8,3.4,1,1001,8,5540.28,16.44
189173077,GB / Catterick 16th Oct,TO BE PLACED,16-10-2021 16:50,8773188,Novis Adventus,0,15,8.72169660160233004937478089351794663828,5.30574913070497650243439209282541975766,14.5,14.5,930,930,36.5,897.64,29.44
189173451,GB / Ffos Las 16th Oct,TO BE PLACED,16-10-2021 15:25,36476466,Fairlawn Flyer,0,2.324861866220126,2.44841869209793982550212205697073683035,1.89836165161886330422617551820273986524,2.68,2.5,2.12,2.12,45.72,5279.22,1083.92
189173461,GB / Ffos Las 16th Oct,TO BE PLACED,16-10-2021 16:35,20021464,Hang In There,0,3.9721849978230974,4.00871073786259332936487496877337579552,4.36236024987418994795625652102111964407,1,1001,3.85,3.6,94,1165.88,182.64
189173441,GB / Ffos Las 16th Oct,TO BE PLACED,16-10-2021 14:15,27049800,Valentines Turf,0,2.297196049,2.27630974986091326832336865986090658651,2.2861068138113480066803791513814871843,1,1001,1,1001,31.04,1320,234.02
189173441,GB / Ffos Las 16th Oct,TO BE PLACED,16-10-2021 14:15,36491851,File Illico,1,2.0509830735668784,1.99944267892366482101007538052396560012,2.08669159857575366793483484828607604259,1.98,1.98,1,1001,18.82,1743.44,1262.92
189173446,GB / Ffos Las 16th Oct,TO BE PLACED,16-10-2021 14:50,11627065,Calarules,0,7.157710811441689,6.2136965280448634255371394840374443228,3.94996002804162003604851154266859684051,5.6,5.2,5,5,4,1381.34,180.94
189171798,GB / Ascot  16th Oct,TO BE PLACED,16-10-2021 14:00,8556767,Brando,0,10.303007534547358,9.83588469976671303064287374132016510899,7.2986101452056973723734205537746076387,12,7,1,1001,374.68,3794,22.4
189171826,GB / Ascot  16th Oct,TO BE PLACED,16-10-2021 16:30,30382,Nugget,1,3.121165925,2.77744587456549600390735816541129458223,2.78706662188367632441117810074819146087,3,2.48,1,1001,1663.08,17670.64,183.94
189171826,GB / Ascot  16th Oct,TO BE PLACED,16-10-2021 16:30,24232304,Symbolize,1,7,7.84828806686255564552777562076620911872,7.76466792772226915909972848203168770259,10,6,7.2,7.2,794.78,6501.33,640.42
189171826,GB / Ascot  16th Oct,TO BE PLACED,16-10-2021 16:30,28106985,Matthew Flinders,0,6.6,7.58185875889158002773433173867930124466,6.21882217094215504844235705732894753828,9,6.8,1,1001,498.52,4481.54,177.92
189171847,GB / Market Rasen 16th Oct,TO BE PLACED,16-10-2021 14:10,16740672,Earlofthecotswolds,1,2.098411980876153,2.17549307344923422251911252919378774565,1.81606782764103709288333534347435837623,1,1001,1,1001,70,2086.4,692.74
189171847,GB / Market Rasen 16th Oct,TO BE PLACED,16-10-2021 14:10,27459035,Winged Isle,0,1.6757058985318867,1.69177812363125086629464528907645051937,1.86334871931484838825995174105987798356,1.61,1.61,930,910,44.06,3338.76,260.8
189171847,GB / Market Rasen 16th Oct,TO BE PLACED,16-10-2021 14:10,19094714,Shetland Bus,0,2.1520173477580276,2.20041862326551645373701867231355980272,2.23389870733433636319802853863753624388,1,1001,1,1001,46.1,2233.72,240.16
189171847,GB / Market Rasen 16th Oct,TO BE PLACED,16-10-2021 14:10,10477246,Caius Marcius,0,3.654166505451701,3.46294855334350192302740562832910154991,2.9490734689695657338494181404311873389,3.35,3.35,930,44,110.16,1233.52,150.34
189171857,GB / Market Rasen 16th Oct,TO BE PLACED,16-10-2021 15:20,26058986,Mr Muldoon,0,4.2,4.36391952419819085043377733631735171383,4.7912797785016262316394766374157488484,1,1001,930,910,19.28,1081.92,47.02
189171867,GB / Market Rasen 16th Oct,TO BE PLACED,16-10-2021 16:25,41324769,Poetic Music,1,6.4,6.20690620117096805058812794570025819326,1,1,1001,1,1001,0,236.24,274.88
189171867,GB / Market Rasen 16th Oct,TO BE PLACED,16-10-2021 16:25,41324773,Wadmal,0,5.1,5.05766671876963824387450688713423163886,1,1,1001,1,1001,0,356.32,14.12
189171867,GB / Market Rasen 16th Oct,TO BE PLACED,16-10-2021 16:25,41324775,Spirittappergoode,0,27.901106851659712,22.7794548135528181605966546486484235114,1,1,1001,40,34,0,51.38,45.4
189172235,GB / Wolverhampton 16th Oct,TO BE PLACED,16-10-2021 18:00,686550,Barca,0,9.62,1,5.97341292062888265595959928285814687076,1,1001,1,1001,13.24,0,0
189172235,GB / Wolverhampton 16th Oct,TO BE PLACED,16-10-2021 18:00,16739479,Frame Rate,1,22.85,1,6.39999325000843748945313818357727052841,1,1001,1,1001,.96,0,0
189172240,GB / Wolverhampton 16th Oct,TO BE PLACED,16-10-2021 18:30,33359009,Crazy Luck,0,5.877604503495094,5.36771422359519633076860515045449064207,1,1,1001,5.9,5.9,0,463,56.78
189172245,GB / Wolverhampton 16th Oct,TO BE PLACED,16-10-2021 19:00,1127747,Imperial Sun,1,2.26,2.24982521704832862457531884182261753533,2.2032082789387413361259932601337025307,2.28,2.06,1,1001,218.66,2596.32,552.88
189172245,GB / Wolverhampton 16th Oct,TO BE PLACED,16-10-2021 19:00,33359016,Hasty Sailor,1,1.42,1.39447855160562402946643739699271545993,1.36712387108519058029154276575287360434,1,1001,1,1001,39.3,4254.04,569.74
189172245,GB / Wolverhampton 16th Oct,TO BE PLACED,16-10-2021 19:00,9003832,Niblawi,0,48.194217221136185,21.886169913963882072480628818268430621,1,38,17,1,1001,0,391.3,21.58
189172250,GB / Wolverhampton 16th Oct,TO BE PLACED,16-10-2021 19:30,1142706,Famous Star,1,3.710340410314638,3.59059564982955941583833839856887898434,1,3.6,3.6,1,1001,0,1836.62,207.04
189172250,GB / Wolverhampton 16th Oct,TO BE PLACED,16-10-2021 19:30,24527100,Virgo,0,5.3,6.03077235662076691862751855106604795735,1,7,5.5,1,1001,0,937,4
189172225,GB / Wolverhampton 16th Oct,TO BE PLACED,16-10-2021 17:00,13663992,Makambe,1,3.722528,4.41263919455826331751804333578270270338,4.10321872934363300476794111437285244301,5.08,4.15,1,1001,26.66,2725.76,209.86
189172260,GB / Wolverhampton 16th Oct,TO BE PLACED,16-10-2021 20:30,21441883,Brazen Belle,0,1.82,1.95585456645073072069534086616865681848,1.81998393364812933340086588547330088898,2.04,1.79,1,1001,4.92,5674.7,12.22
189172255,GB / Wolverhampton 16th Oct,TO BE PLACED,16-10-2021 20:00,38346666,Travesuras,0,9.452703298118342,7.30531014647411836045625820419379629091,1,9,3.35,1,1001,0,2121.84,32.82
189172753,GB / Stratford 16th Oct,TO BE PLACED,16-10-2021 13:45,40327488,Beccaccino,0,8.579960768889697,8.32774585467691463040037021017778439384,1,8.8,8.8,930,910,0,639.36,2.2
189172758,GB / Stratford 16th Oct,TO BE PLACED,16-10-2021 14:20,22023493,Harry The Norseman,0,3.971910874,3.17556820576685338651901766050545897118,3.82590372649372718392565168505325918176,1,1001,1,1001,20,1813.68,41.66
189172758,GB / Stratford 16th Oct,TO BE PLACED,16-10-2021 14:20,27156447,Coachella Green,0,6,4.66730150330382335338148789648293460427,1,6.4,6.4,1,1001,0,1064.76,19.04
189172763,GB / Stratford 16th Oct,TO BE PLACED,16-10-2021 14:55,20969323,Telekinetic,0,2.5749373506005213,2.7300922030896075517909168287362139956,2.87418725309417118112630954356207305086,2.7,2.66,1,1001,82.68,3901.76,321.16
189172763,GB / Stratford 16th Oct,TO BE PLACED,16-10-2021 14:55,25238885,Fast Deal,0,9.815934839,8.23285617364107713541663446746551740523,1,10,8,10,10,0,1391.08,58.8
189172768,GB / Stratford 16th Oct,TO BE PLACED,16-10-2021 15:30,1381100,Nightfly,0,2.5588551771271333,2.6273466909838862865949215110771251872,2.95097039281429122638756977895018145946,1,1001,1,1001,46,2752.24,90.92
189172768,GB / Stratford 16th Oct,TO BE PLACED,16-10-2021 15:30,9968751,Hard To Forget,0,2.615983007,2.65620085857021839882754751430656317539,2.50100329720335999454890536828483052312,2.94,2.6,1,1001,46.1,4186.98,207.02
189172768,GB / Stratford 16th Oct,TO BE PLACED,16-10-2021 15:30,12710801,Take Em Out,0,2.78,2.9135908579060589005581644347862033533,3.44994948869572689056904629250236445742,1,1001,1,1001,3.24,2523.6,30.42
189172778,GB / Stratford 16th Oct,TO BE PLACED,16-10-2021 16:40,125275,Orchestrated,1,3.405126941177296,3.56231865082409688701673193637697030907,5.15448250962863446344890888009361480588,3.5,3.4,3.3,2.4,20,2975.36,1353.6
189172778,GB / Stratford 16th Oct,TO BE PLACED,16-10-2021 16:40,7535707,Les Fremantle,0,12.5,12.380331374507018785728282778701103936,16.9998080023039723523317720187357751707,1,1001,1,1001,4,691.4,28.32
189172783,GB / Stratford 16th Oct,TO BE PLACED,16-10-2021 17:15,38807045,Sammeo,0,2.92,2.62929907051872310942934485285494899899,1,3.05,2.26,930,2,0,3703.9,1093.16
189173067,GB / Catterick 16th Oct,TO BE PLACED,16-10-2021 15:40,11150036,Major Jumbo,0,2.7,3.01926624822944633876985653788113083569,2.80383448758818678869058186653504936924,3.25,2.68,1,1001,59.74,2641.98,66.88
189173067,GB / Catterick 16th Oct,TO BE PLACED,16-10-2021 15:40,14766968,Militia,0,3.3903139588385978,3.21711227321487150344632300528992002082,2.60224635054498836990127591289960270324,3.5,3.5,2.02,1.5,418.76,2570.72,1109.98
189173067,GB / Catterick 16th Oct,TO BE PLACED,16-10-2021 15:40,28575736,Ready Freddie Go,0,6.8,6.47331405915596714961489955984872485831,1,1,1001,1,1001,0,1152.68,44.58
189173067,GB / Catterick 16th Oct,TO BE PLACED,16-10-2021 15:40,11183866,Tarboosh,0,4.469464467739016,4.58146491590341946519102917796223376527,4.73718577801406954421733488868375898804,5.2,4.4,1,1001,42,1792.94,4.56
189173047,GB / Catterick 16th Oct,TO BE PLACED,16-10-2021 13:20,40778844,Nordhalla,0,4.1,4.46398534983612320896267927785657988737,4.08948759235063451718275290839125049674,4.47,4.37,1,1001,4,2518.6,31.48
189173057,GB / Catterick 16th Oct,TO BE PLACED,16-10-2021 14:30,35400152,Prince Of Bel Lir,0,4.610056483,3.23559223475640284993817331675361363536,3.9955967262708342133974039572607574343,4.6,4.1,1,1001,130.98,2656.18,40
189173057,GB / Catterick 16th Oct,TO BE PLACED,16-10-2021 14:30,11158576,Admirality,0,2.1,1.78875216239498439857997685003039867734,2.30148225059812248870824681883880424226,2.06,2.02,1,1001,87.62,6980.08,31.26
189173057,GB / Catterick 16th Oct,TO BE PLACED,16-10-2021 14:30,17784366,Broken Spear,0,2.3,2.00600587147137662096057241056256653424,2.96931893788140256485177905925200036362,1,1001,1,1001,184.6,4007.14,205.62
189173062,GB / Catterick 16th Oct,TO BE PLACED,16-10-2021 15:05,26742377,Emiyn,1,1.772587089323606,1.81613919734223200193940551837018885091,1,1,1001,1,1001,0,4582.6,623.26
189173062,GB / Catterick 16th Oct,TO BE PLACED,16-10-2021 15:05,20922680,The Dancing Poet,1,3.103201896458777,3.1227853062573998991643205090930776314,3.19997591026378261158040319458501929404,1,1001,1,1001,4,925.7,397.36
189173072,GB / Catterick 16th Oct,TO BE PLACED,16-10-2021 16:15,13696796,Captain Jameson,0,3.8293149044080925,3.78385215105840119987974341561979514128,1,1,1001,1,1001,0,985.22,23.76
189173077,GB / Catterick 16th Oct,TO BE PLACED,16-10-2021 16:50,781870,Justified,0,3.75,3.17189131264786088888921831905668014996,1,3.9,3.6,1,1001,0,2204.48,163.8
189173436,GB / Ffos Las 16th Oct,TO BE PLACED,16-10-2021 13:40,972592,Blue Heather,0,7.874457593726985,7.85399718596245033350544364840155751926,8.79997626094181452491231548425722182585,1,1001,1,1001,7.82,401.2,4.42
189173451,GB / Ffos Las 16th Oct,TO BE PLACED,16-10-2021 15:25,12317573,Remember The Man,0,8.672091851450677,7.91557981697587594686087859285570596119,1,7,7,10,10,0,796.26,49.82
189173451,GB / Ffos Las 16th Oct,TO BE PLACED,16-10-2021 15:25,17613574,Sienna Royale,0,3.6136765855934936,3.91054124467744120562568052266261426219,2.65998994972071257527760546211658990636,1,1001,1,1001,5.88,905.26,72.3
189173456,GB / Ffos Las 16th Oct,TO BE PLACED,16-10-2021 16:00,16377826,Ruthless Article,0,2.9,2.52421999808975752745134752593599805549,2.19997394139429043168115816656525861243,2.92,2.22,2.6,2.6,3.38,3505,322
189173461,GB / Ffos Las 16th Oct,TO BE PLACED,16-10-2021 16:35,10921485,Diego Du Charmil,0,9.173029018,8.60397676668547010493571855802606800278,6.62365419258828018230805000544410888254,1,1001,1,1001,53.68,988.11,15.86
189173461,GB / Ffos Las 16th Oct,TO BE PLACED,16-10-2021 16:35,20377745,Cormier,0,2.52,2.62274273267583140645507744740090609113,2.55231892964440734742268134334718510433,2.88,2.42,1.31,1.31,216.6,5642.74,1034.46
189173466,GB / Ffos Las 16th Oct,TO BE PLACED,16-10-2021 17:05,23405261,On The Quiet,0,5.237323032,5.34199684239790631661949705587259428832,1,5.9,5.9,930,8.2,0,420.12,101.04
189173446,GB / Ffos Las 16th Oct,TO BE PLACED,16-10-2021 14:50,8916054,Racing Spirit,0,3.85,3.9282483801883207691206179276447838392,3.79997396024216974782134526148906815167,4,3.95,1,1001,4,1548.22,67.32
189171791,GB / Ascot  16th Oct,TO BE PLACED,16-10-2021 13:25,28618412,Roberto Escobarr,0,7.2,8.17551544516893838939291417631823694552,11.0816118282348069016652868104162611988,13.12,7,7,7,901.48,5028.31,173.6
189171798,GB / Ascot  16th Oct,TO BE PLACED,16-10-2021 14:00,4079913,Glen Shiel,1,7.912088535232325,7.61091967070903152545195072689877110633,7.82318468193310006441542654451589893935,8.6,6.8,1,1001,557.58,3486.46,323.94
189171798,GB / Ascot  16th Oct,TO BE PLACED,16-10-2021 14:00,23983744,Keep Busy,0,57.58357063569126,45.3003279479837724229531959514166301354,29.3462704989996218023770246909098094723,55,30,1,1001,50.94,333.49,7.84
189171798,GB / Ascot  16th Oct,TO BE PLACED,16-10-2021 14:00,28702304,Highfield Princess,0,6.984676666635494,11.7135685108576888926353612917053460805,19.2208256953940444146954468393816314869,25,7.2,1,1001,489.02,3779.84,45.62
189171798,GB / Ascot  16th Oct,TO BE PLACED,16-10-2021 14:00,34190688,Minzaal,1,6.942699200850912,5.98843446636988318083100514066600205944,4.15705507773044633210917264482679646533,7.8,3,1,1001,799.66,4185,74.68
189171819,GB / Ascot  16th Oct,TO BE PLACED,16-10-2021 15:50,26588877,Al Aasy,0,3.7726977501994767,3.83877412909171560944901279194962858461,3.64663686791034786170630035505148095322,4.3,3.5,1,1001,431.42,9679.11,179.18
189171819,GB / Ascot  16th Oct,TO BE PLACED,16-10-2021 15:50,13085033,Addeybb,0,2.4218505203974834,2.5765173289135417217758181162454720787,2.55178116309433010685080669467909083601,2.76,2.22,910,1.98,2002.68,23257.48,485.16
189171826,GB / Ascot  16th Oct,TO BE PLACED,16-10-2021 16:30,30512474,Rhoscolyn,0,6.886278458668059,7.62328575595279916618407263733220705718,7.40231044240721400529676077361889069171,8.8,6.8,1,1001,229.82,4684.89,102.18
189171812,GB / Ascot  16th Oct,TO BE PLACED,16-10-2021 15:10,12900706,Lord Glitters,0,13,15.0397130195998215976781330170964418179,17.0150766947086949079730989514174794579,24,11,1,1001,351.38,3242.72,59.38
189171812,GB / Ascot  16th Oct,TO BE PLACED,16-10-2021 15:10,39703173,Baaeed,1,1.58,1.57710562188689092542409452075827731145,1.57678518293254854977087020179072149731,1.67,1.51,1,1001,831.56,27114.94,1075.6
189171847,GB / Market Rasen 16th Oct,TO BE PLACED,16-10-2021 14:10,17838215,Breaking Waves,1,2.06,2.10692378550843024381516826214901405794,2.17143978186648737596261706445992331012,2.1,2.1,1,1001,326.12,2299.7,545.52
189171847,GB / Market Rasen 16th Oct,TO BE PLACED,16-10-2021 14:10,27862682,Martello Sky,1,1.42,1.43149591086234618022350899061038071725,1.59011455474410048750484666100781576543,1.45,1.41,2.98,2.98,109.58,6193.22,2044.62
189171857,GB / Market Rasen 16th Oct,TO BE PLACED,16-10-2021 15:20,17194935,Senior Citizen,1,2.263530761382345,2.26665093639176006505644499420251951429,2.03722163962306711283564031046968325845,2.26,2.26,1,1001,717.58,4468.86,720.26
189171857,GB / Market Rasen 16th Oct,TO BE PLACED,16-10-2021 15:20,18443373,Red Risk,1,3.55,3.66160500399999420505735047887497403897,3.95257307479270704840712619266637697856,1,1001,1,1001,41.52,1826.42,558.54
189171867,GB / Market Rasen 16th Oct,TO BE PLACED,16-10-2021 16:25,41324766,Lady Samson,0,4.1,3.9129030693941708296213210162997152969,1,1,1001,1,1001,0,593.18,32.1
189171867,GB / Market Rasen 16th Oct,TO BE PLACED,16-10-2021 16:25,29555236,Mayway,0,9.8,9.52798050957644560244488177524502056734,5.19997396016144699902860602264265961551,10.5,9.4,700,700,4,602.04,21.04
189171862,GB / Market Rasen 16th Oct,TO BE PLACED,16-10-2021 15:55,41564,Rafferty,1,2.123665245,2.29150413397717007420353883746304975416,2.27835728211377005444059054345237071891,2.32,2.16,1.96,1.96,205.36,4508.44,978.5
189171862,GB / Market Rasen 16th Oct,TO BE PLACED,16-10-2021 15:55,26864343,Begoodtoyourself,1,2.0675418527161673,2.16676606571702404294629251304421689537,2.80366101406876468278184721618913928093,2.48,2.1,1,1001,49.24,4404.72,705.74
189172230,GB / Wolverhampton 16th Oct,TO BE PLACED,16-10-2021 17:30,18873847,No Diggity,0,4,4.01327293999974669258019227409349896655,1,1,1001,1,1001,0,1616.06,6.02
189172230,GB / Wolverhampton 16th Oct,TO BE PLACED,16-10-2021 17:30,24919195,Rhyme Scheme,0,2.1859692048136465,2.47311939367551139183029214863977783622,2.20585061158750086698893083124343192975,2.62,2.26,1,1001,39.64,3679.58,54.64
189172230,GB / Wolverhampton 16th Oct,TO BE PLACED,16-10-2021 17:30,11223825,Willy Nilly,0,7.155107628125117,6.9292184178327409357965351657773497171,1,7.6,6.6,1,1001,0,909.14,0
189172235,GB / Wolverhampton 16th Oct,TO BE PLACED,16-10-2021 18:00,36676497,Telefina,0,35.34,1,1,1,1001,1,1001,0,0,0
189172235,GB / Wolverhampton 16th Oct,TO BE PLACED,16-10-2021 18:00,36814536,Alambrista,0,6.99,1,1,1,1001,1,1001,0,0,0
189172240,GB / Wolverhampton 16th Oct,TO BE PLACED,16-10-2021 18:30,31776623,Amor De Mi Vida,0,42,19.6848654424275369356203317723795407418,1,40,21,1,1001,0,237.14,4.08
189172245,GB / Wolverhampton 16th Oct,TO BE PLACED,16-10-2021 19:00,38662670,Onesmoothoperator,1,1.5788733582983698,1.64805341239982702294698936847134723374,1.86284124065533287500413740028493943217,1.67,1.59,1.55,1.27,59.24,6426.48,1358.16
189172225,GB / Wolverhampton 16th Oct,TO BE PLACED,16-10-2021 17:00,19031394,Broughtons Flare,0,2.1004834848738964904,2.26801216758842361526536175669686426815,2.58980154178033834822385077675339225525,2.29,2.26,1,1001,41.24,4764.28,104.62
189172260,GB / Wolverhampton 16th Oct,TO BE PLACED,16-10-2021 20:30,37065281,The Gloaming,0,3.5,3.21766666104996369954575901125706261713,2.74256706039820312777806311189248582754,3.45,3.45,1,1001,42.2,1927.94,6
189172758,GB / Stratford 16th Oct,TO BE PLACED,16-10-2021 14:20,11906810,Ascot Day,0,6.1301837213995185,4.12894829098209344256302946870246036923,4.57997118123199108247178610212187791888,6.2,6.2,3.95,3.95,4,1351.17,480.9
189172758,GB / Stratford 16th Oct,TO BE PLACED,16-10-2021 14:20,21003361,Kilchreest Moon,1,3.35,3.23871936029904255710371830628526556777,4.03473323586881088616050446890168416295,4.5,3.25,1,1001,4,4879.68,400.96
189172763,GB / Stratford 16th Oct,TO BE PLACED,16-10-2021 14:55,19641251,Al Kherb,1,1.15,1.18986704779387325927307106920418566495,1.24228527019955141839538315659583597423,1.21,1.16,1.21,1.21,50.84,8147.52,1257.6
189172763,GB / Stratford 16th Oct,TO BE PLACED,16-10-2021 14:55,21388959,Logans Choice,0,56.946774881798774,28.8760907565544721790824815703856100182,22.4999513563600562353727674691136011305,60,24,930,910,16,539.12,9.4
189172773,GB / Stratford 16th Oct,TO BE PLACED,16-10-2021 16:05,8338762,Wilderness,0,5.613685662443533,4.65924664727149789232662619131395326527,1,5.6,5.1,40,40,0,1397.02,37.94
189172778,GB / Stratford 16th Oct,TO BE PLACED,16-10-2021 16:40,36715444,Movethechains,0,2.2097176467534148,2.06505586479360617402070141793090808404,1.73066498295066529223300862269198385619,1,1001,930,930,127.12,5242.48,320.92
189172778,GB / Stratford 16th Oct,TO BE PLACED,16-10-2021 16:40,35777131,Ogradys Boy,0,7.2,5.76457799034636365289593218869740226148,7.99951381257710860848940466312188269392,1,1001,1,1001,17.16,1078.66,25.46
189172783,GB / Stratford 16th Oct,TO BE PLACED,16-10-2021 17:15,508694,Hey Bob,1,1.8718746841923883,1.88740431923127917272370238715774129551,1.69741714772864475843427196788919513593,1.87,1.85,1,1001,41.68,3766.16,1184.54
189172783,GB / Stratford 16th Oct,TO BE PLACED,16-10-2021 17:15,9592560,Sticky Situation,0,9.36773429645924,8.34929861630848926796207248990878385469,15.9998530014405858822583538681320923055,9,9,1,1001,4,903.34,4.52
189172783,GB / Stratford 16th Oct,TO BE PLACED,16-10-2021 17:15,24330457,Amelias Dance,1,1.7460157474988318,1.80999075207435245911884656813521660218,1.90235437911553288583108834567314006791,1.83,1.72,1.75,1.75,58.74,6612.54,891.54
189173067,GB / Catterick 16th Oct,TO BE PLACED,16-10-2021 15:40,18267118,Glory Fighter,1,3.75,3.56777853216265394373157117969927919318,3.49996635847739826710973889363711031543,1,1001,1,1001,3.24,1012.56,320.34
189173047,GB / Catterick 16th Oct,TO BE PLACED,16-10-2021 13:20,8042585,Philosophy,1,2.078091643207336,2.08447470858301729651054432741357103267,1.84882596925292245567814135976003360926,2.12,2.07,1,1001,281.16,5242.1,314.22
189173052,GB / Catterick 16th Oct,TO BE PLACED,16-10-2021 13:55,182116,Diva Dancer,0,7.215572687,6.3153803124888056713094469850358103241,2.97914105278309213801210274740762509071,7.6,7.6,1,1001,.1,965.5,6.54
189173057,GB / Catterick 16th Oct,TO BE PLACED,16-10-2021 14:30,35467318,Shark Two One,0,4.4584131523495305,3.1494348844525444529821750349247110625,3.97188762796403412998163788902118604117,1,1001,910,910,47.1,1182.12,3.48
189173062,GB / Catterick 16th Oct,TO BE PLACED,16-10-2021 15:05,12454495,Luna Magic,0,9.717542468553301,8.57277014761151900870851911904529402156,4.92372227889891776501375361885903054305,9.8,9.6,1,1001,22,488.74,0
189173072,GB / Catterick 16th Oct,TO BE PLACED,16-10-2021 16:15,9523100,Dark Defender,0,7.993918649172848,9.11378866800408855225783581130788830089,5.83392942890511174010505332837510467948,9.4,8,910,910,5.24,964.94,1.02
189173436,GB / Ffos Las 16th Oct,TO BE PLACED,16-10-2021 13:40,31577777,Cordey Dancer,0,3.85,3.62913458975546977231436493766646987419,4.79982748783205242481991317594181224172,1,1001,1,1001,1,1198.02,36.08
189173451,GB / Ffos Las 16th Oct,TO BE PLACED,16-10-2021 15:25,13469150,Watching Brief,0,3.2,3.48789130763676370284900030364419737464,7.90118153414570906594905827161597821779,3,3,1,1001,11.46,2438.94,20.88
189173451,GB / Ffos Las 16th Oct,TO BE PLACED,16-10-2021 15:25,12760466,Timely Gift,0,12.991551931449216,9.51683598939258159360781754611762377713,5.65167829234174385382053299508699219942,1,1001,40,40,39.86,311.56,56.02
189173451,GB / Ffos Las 16th Oct,TO BE PLACED,16-10-2021 15:25,27156512,Kingston King,1,3.154243027533375,3.11435092899572315473833068258685104898,2.98714439240018654824908246649228460774,1,1001,1,1001,7.94,632.56,945.58
189173456,GB / Ffos Las 16th Oct,TO BE PLACED,16-10-2021 16:00,23371637,Mario De Pail,1,2.2140618155186527,2.29112803860773459157509007962688068834,1,2.32,2.18,2.28,2.28,0,4056.22,893.24
189173456,GB / Ffos Las 16th Oct,TO BE PLACED,16-10-2021 16:00,27718208,Solwara One,0,1.48,1.5353001326524818367462666169736422471,1.52104501485565465228574860333534731056,1.68,1.42,48,48,116.32,4892.92,569.84
189173441,GB / Ffos Las 16th Oct,TO BE PLACED,16-10-2021 14:15,26831193,Flying Garry,0,3.750231093525653,3.60266123070448905504725400081409113031,4.24244678880888651178653080134966696722,3.15,3.15,3.5,3.5,58,747.7,81.66
189173471,GB / Ffos Las 16th Oct,TO BE PLACED,16-10-2021 17:40,40641110,Joyful Song,0,8.11,1,1,1,1001,1,1001,0,0,0
189173471,GB / Ffos Las 16th Oct,TO BE PLACED,16-10-2021 17:40,41111987,Outback Frontiers,0,7.2,1,7.79997110012282447799596851713380218134,1,1001,1,1001,4,0,0
189171791,GB / Ascot  16th Oct,TO BE PLACED,16-10-2021 13:25,25013834,Berkshire Rocco,0,4.94738087922895,4.8688492451086815224995700698911610593,4.30545404163235184973504968821772579237,5.4,4.3,1,1001,931.62,7807.42,91.6
189171798,GB / Ascot  16th Oct,TO BE PLACED,16-10-2021 14:00,18856302,Happy Power,0,16,19.1548642944517890581906394242028431664,19.0191674157178197636629492272881092555,26,14,1,1001,75.06,1639.36,23.68
189171798,GB / Ascot  16th Oct,TO BE PLACED,16-10-2021 14:00,28659808,Rohaan,0,2.84,2.89830584860750949938882545635173786121,2.93966401133172076925500060080073622169,3.25,2.66,1,1001,1503.48,13895.14,940.8
189171798,GB / Ascot  16th Oct,TO BE PLACED,16-10-2021 14:00,33598070,Ventura Diamond,0,24.37503052368644,31.7396375423099478380045073313154425754,26.8737229063946787862144077491704686992,40,24,24,24,177.64,1425.3,101.2
189171798,GB / Ascot  16th Oct,TO BE PLACED,16-10-2021 14:00,38480219,Dragon Symbol,0,2.9494593038887267,2.84876079510958041748715073030024371757,3.07758781238607752867798613756567003394,3.15,2.68,1,1001,1225.98,9680.78,51.94
189171819,GB / Ascot  16th Oct,TO BE PLACED,16-10-2021 15:50,10121868,Euchen Glen,0,24,22.971399093453700469380748794538348564,23.3658510489972739754503386037615445011,28,18.5,1,1001,71.06,1553.9,38.62
189171826,GB / Ascot  16th Oct,TO BE PLACED,16-10-2021 16:30,26390694,Dashing Roger,0,6.70713399,7.33530893251786139777172625734958550781,6.72893634853233802729570976118172790856,9.4,6,1,1001,336.22,5955.55,64.48
189171826,GB / Ascot  16th Oct,TO BE PLACED,16-10-2021 16:30,11429598,Accidental Agent,0,12,14.8584391032176760303323516906433138258,11.594972824450929810471703228287095113,19,12,1,1001,199.2,2246.27,72.4
189171826,GB / Ascot  16th Oct,TO BE PLACED,16-10-2021 16:30,23523795,Shelir,0,8.521441513395981,8.48491516963318120618648102910994144154,8.28872086682327678125483211742433083767,10.5,7.8,1,1001,306.84,3020.06,94.5
189171812,GB / Ascot  16th Oct,TO BE PLACED,16-10-2021 15:10,35537122,Alcohol Free,0,3.05,3.0023595384719366193915569406149355449,2.78539887625439917434652923719864602298,3.25,2.8,1,1001,1050,11312.98,421.76
189171812,GB / Ascot  16th Oct,TO BE PLACED,16-10-2021 15:10,11902985,Njord,0,16.14247955163839,19.773478710642689462121412638411160022,22.9225070937014152207603083531071631498,28,17.5,44,15,141.86,2209.74,79.56
189171805,GB / Ascot  16th Oct,TO BE PLACED,16-10-2021 14:35,24238426,Snowfall,1,1.196156025,1.16641362693673562623359101081824388216,1.16676655284350655429334941309442368431,1.19,1.15,1,1001,3908.84,50873.58,1268.74
189171805,GB / Ascot  16th Oct,TO BE PLACED,16-10-2021 14:35,24420216,Tribal Craft,0,4.212724295831285,4.16006297505530298530721295493132915704,4.40884946239452670260191943277233868208,4.4,3.9,930,930,209.44,8188,137.94
189171837,GB / Market Rasen 16th Oct,TO BE PLACED,16-10-2021 13:00,39737056,Gerritzen,0,30.56,1,24.5230248266876855653245223264701211387,1,1001,1,1001,47.34,0,0
189172230,GB / Wolverhampton 16th Oct,TO BE PLACED,16-10-2021 17:30,27034875,Stand Free,0,4.5,6.06595917087437682825409988053877242388,10.0791908170501247289015916807836289758,8.6,7.6,1,1001,14.64,1860.54,3.02
189172230,GB / Wolverhampton 16th Oct,TO BE PLACED,16-10-2021 17:30,36814433,Senorita Eva Rose,0,78.51627493120729,30.1982577247690867813777632271272402757,1,38,32,1,1001,0,153.78,4
189172235,GB / Wolverhampton 16th Oct,TO BE PLACED,16-10-2021 18:00,13426365,Dancing Master,0,2.5,1,2.76519832244471703839465420136153209655,1,1001,1,1001,20.62,0,0
189172240,GB / Wolverhampton 16th Oct,TO BE PLACED,16-10-2021 18:30,31776627,Aramis Grey,1,2.0039589727480966,2.04755967128221683137604388062530878584,1.99342571607111734103922278808790344817,2.04,1.98,1,1001,83,3950.1,826.84
189172240,GB / Wolverhampton 16th Oct,TO BE PLACED,16-10-2021 18:30,25493420,Restless Endeavour,0,2.235751900503275,2.28517724772834332567048303059826857454,2.35493338827506449906969871859731181616,2.28,2.28,1,1001,18.8,1759.22,15.7
189172250,GB / Wolverhampton 16th Oct,TO BE PLACED,16-10-2021 19:30,40849662,Cavallo Grigio,0,274.87636810377296,103.601422869616391592422005305532572876,1,190,100,1,1001,0,43.32,10.7
189172225,GB / Wolverhampton 16th Oct,TO BE PLACED,16-10-2021 17:00,35900624,Smart Qibili,0,4.573318,4.43491200602681201003701643791965934772,3.89170533386158516426826709573463590289,1,1001,1,1001,17.32,599.72,.28
189172260,GB / Wolverhampton 16th Oct,TO BE PLACED,16-10-2021 20:30,35527774,Red Walls,1,3.5499674012115916,3.36236371578163863189860184954802316026,3.08006613184013721663605896431710494635,1,1001,1,1001,10.04,1775.86,368.32
189172255,GB / Wolverhampton 16th Oct,TO BE PLACED,16-10-2021 20:00,41021804,Symbol Of Light,1,1.21,1.18603862882304586656910780550521029117,1.09331032987447847171123807283753102531,1.24,1.1,1,1001,12.02,15596.88,675.6
189172753,GB / Stratford 16th Oct,TO BE PLACED,16-10-2021 13:45,39389814,Ballintubber Boy,1,2.15511300151411,2.26822058468420474418134144859772421966,1.9289328591621257168031502573406543954,1,1001,1,1001,30.42,2343.68,686.46
189172758,GB / Stratford 16th Oct,TO BE PLACED,16-10-2021 14:20,3680062,Rebel Royal,1,8.4459234704393,7.48553428559442176238299768102128027239,10.9399234625893380620969218537017264967,10.5,8.4,9,9,8,1885.9,118.22
189172758,GB / Stratford 16th Oct,TO BE PLACED,16-10-2021 14:20,13344250,Serjeant Painter,0,1.992211669255312,1.74344400773070962711219371731483152594,2.12709177600241360598755126310890311523,2,2,3,3,89.36,5523.2,701.5
189172763,GB / Stratford 16th Oct,TO BE PLACED,16-10-2021 14:55,23706808,Fort De Locean,1,1.6079687773682236,1.56855421977868747798086277076952489889,1.57451425722774258058062455990062742054,1.61,1.55,1.55,1.55,31,7719.62,1025.26
189172768,GB / Stratford 16th Oct,TO BE PLACED,16-10-2021 15:30,11901624,One Forty Seven,1,2.3969220115053034,2.69206539658513954217314173597805566663,2.61283195971218850716735535274470752785,1,1001,1,1001,16.2,2194.7,967.56
189172773,GB / Stratford 16th Oct,TO BE PLACED,16-10-2021 16:05,8737109,Solstalla,0,4.199545854292175,4.26815784479918528519229482486788473496,4.43985773128143259370131662573081710758,4.2,4.1,1,1001,75.74,1655.58,78.64
189172773,GB / Stratford 16th Oct,TO BE PLACED,16-10-2021 16:05,20225152,Maria Magdalena,1,2.5,2.59425545119594463351255772241232344188,3.39260896644329362625260827118105448291,2.64,2.64,1,1001,37.58,2257.7,937.76
189172773,GB / Stratford 16th Oct,TO BE PLACED,16-10-2021 16:05,24270706,Pillar Of Steel,1,1.83,1.90325892826830584040966101834271831534,2.10571808145630414564241280218810081442,1.83,1.83,1.8,1.06,91.48,4329.34,1583.08
189172773,GB / Stratford 16th Oct,TO BE PLACED,16-10-2021 16:05,36299198,Ordered Lives,0,2.605864128757603,2.47376074635046910062194214523641968994,2.81172684131215196478879284015898943029,1,1001,900,900,12,1471.74,294.86
189172778,GB / Stratford 16th Oct,TO BE PLACED,16-10-2021 16:40,15431640,Cheers Delboy,0,2.88,3.11469814510640431251791547773936565021,6.59994834047655910374226797757790684381,2.88,2.82,1,1001,8,2455,203.06
189172778,GB / Stratford 16th Oct,TO BE PLACED,16-10-2021 16:40,27358555,Larcadio,0,4.01977700661635,3.74045349202064512276595589890817281669,4.299982510092696508708503844929621873,1,1001,1,1001,6,846.72,36.66
189172783,GB / Stratford 16th Oct,TO BE PLACED,16-10-2021 17:15,28486432,Sarceaux,0,2.66,2.73766890747009451107323254876879915593,3.11349070064091717996440815660411094191,2.78,2.78,910,740,12,3019.4,32.58
189173047,GB / Catterick 16th Oct,TO BE PLACED,16-10-2021 13:20,39113918,My Bonnie Lassie,1,1.97,1.90153847919686160553260970424316713628,2.09646131492706190551219198017790966173,1.9,1.9,1.6,1.6,168.8,6016.4,996.48
189173047,GB / Catterick 16th Oct,TO BE PLACED,16-10-2021 13:20,40920723,Ruby Jules,0,3.468223107,3.90351538310899282356763510889317472355,1,1,1001,1,1001,0,1742.84,24
189173052,GB / Catterick 16th Oct,TO BE PLACED,16-10-2021 13:55,35414373,Naughty Ana,0,2.24,2.25694377303563338115034966371512830749,2.84895262548141653881078373046936155556,2.24,2.24,1,1001,28.36,3525.94,79.92
189173057,GB / Catterick 16th Oct,TO BE PLACED,16-10-2021 14:30,19123613,Obee Jo,1,2.661033062535026,2.43192946395408626816399838363417364113,2.79422108382641926623209505581657222881,2.8,2.64,1,1001,86.8,5784.24,720.06
189173057,GB / Catterick 16th Oct,TO BE PLACED,16-10-2021 14:30,24420612,Coase,0,4.796132331732661,3.25120204639589354914280193566644205309,3.13680988117084714488282856265001713271,1,1001,1,1001,10.62,1389.26,66.88
189173062,GB / Catterick 16th Oct,TO BE PLACED,16-10-2021 15:05,23467321,Oasis Prince,0,5.5,5.29027905088781327741113759857609330764,6.89674375927952142917315412507855095853,5.5,5.2,1,1001,24,621.78,26
189173077,GB / Catterick 16th Oct,TO BE PLACED,16-10-2021 16:50,22312604,Hackberry,0,6.2,5.89617531041139554259915765511860342634,6.12868309528483251780660759795367588679,7,6,930,6.2,7.24,3665.68,45.22
189173077,GB / Catterick 16th Oct,TO BE PLACED,16-10-2021 16:50,5212448,Prison Break,0,3.4528405973099874,2.9790428483161773037289899678143670164,4.72023674665659003589799711338528356493,3.75,3.75,5.6,5.6,16,2581.32,176.42
189173461,GB / Ffos Las 16th Oct,TO BE PLACED,16-10-2021 16:35,7439484,Calico,0,2.191631256,2.24417210788369842264527040774901900223,2.15626472918942447928102342655675377353,2.34,2.18,930,1.55,86.02,3679.34,828.5
189173461,GB / Ffos Las 16th Oct,TO BE PLACED,16-10-2021 16:35,22260462,Glory And Fortune,1,2.9645408976344694,2.89494925892920967920849208522458468546,3.27001916523823423197382908475163588461,1,1001,1,1001,108.94,1122.04,498.5
189173466,GB / Ffos Las 16th Oct,TO BE PLACED,16-10-2021 17:05,10458694,Kiera Royale,0,3.6933220352890195,3.44726545452721922089939103879732164678,2.77599657486374847705650853387639895266,1,1001,930,910,14,353.36,135.58
189173446,GB / Ffos Las 16th Oct,TO BE PLACED,16-10-2021 14:50,3518738,Uno Mas,1,1.6984639212771346,1.97073656742520296621679684621844212249,2.28190813428931184412589145379578021923,2.1,2.1,1.55,1.55,190.9,4311.3,1776.68
189173446,GB / Ffos Las 16th Oct,TO BE PLACED,16-10-2021 14:50,15179564,Stephanie Sunshine,1,6.469968494,5.3998881843481457700149533996212848809,6.64997090264985135326553068251698503753,6.2,4.6,1,1001,8,1437.38,666.74
189173471,GB / Ffos Las 16th Oct,TO BE PLACED,16-10-2021 17:40,275550,Scarface,0,3.38,1,1,1,1001,1,1001,0,0,0
189171798,GB / Ascot  16th Oct,TO BE PLACED,16-10-2021 14:00,20695831,Azano,0,65.63953490741552,48.5083462297430055751113464342986852121,36.8621655034535002195918955913919499317,80,44,80,80,40.2,229.6,8.32
189171819,GB / Ascot  16th Oct,TO BE PLACED,16-10-2021 15:50,35701762,Dubai Honour,1,2.338017644779794,2.28743667898993719084559488382804866503,2.29280187434742186462226180106775799959,2.38,2.14,1,1001,1044.98,15460.54,1042.18
189171826,GB / Ascot  16th Oct,TO BE PLACED,16-10-2021 16:30,25194136,Johan,0,8.89210601260973,9.11548634394125433620245599143666025654,8.50957363270978672338888883584913429893,11,7.6,1,1001,261.02,4062.03,52.48
189171826,GB / Ascot  16th Oct,TO BE PLACED,16-10-2021 16:30,25879469,Kenzai Warrior,0,9.6,9.78873233366611762377966633346530793175,8.69602139604366660137691587515217949807,11,8,25,25,168.16,3682.85,91.2
189171826,GB / Ascot  16th Oct,TO BE PLACED,16-10-2021 16:30,18416803,Maries Diamond,0,9.071807866167509,6.75001768072271869227825088962139441919,8.27505956910341984725156574450758317313,9,4.7,6,6,365.32,5818.71,63.42
189171837,GB / Market Rasen 16th Oct,TO BE PLACED,16-10-2021 13:00,27306226,On My Command,1,1.49,1,1.4064758841469566047520139877822859577,1,1001,1,1001,348.74,0,0
189171857,GB / Market Rasen 16th Oct,TO BE PLACED,16-10-2021 15:20,21652973,Captain Tommy,0,2.721109556,2.64594834243340679361658051952691565899,2.77147294536680348676720368134455721108,1,1001,930,910,41.62,1551.18,248.32
189171857,GB / Market Rasen 16th Oct,TO BE PLACED,16-10-2021 15:20,23727030,Guy,1,2.6163136705261594,2.51302534334339785607653169138306494187,2.69441434747764687331540751723831220268,1,1001,2.74,2.74,96.98,1838.4,729.44
189171867,GB / Market Rasen 16th Oct,TO BE PLACED,16-10-2021 16:25,26664742,Decorated,0,2.752624439781813,2.87203724680227417263169875792024012873,4.24934397302135648098300870315327630201,2.86,2.82,1,1001,7.9,2517.94,69.62
189172235,GB / Wolverhampton 16th Oct,TO BE PLACED,16-10-2021 18:00,9434,Scheherazade,0,2.94,1,3.61870524598323548273321973216458263395,1,1001,1,1001,8.66,0,0
189172235,GB / Wolverhampton 16th Oct,TO BE PLACED,16-10-2021 18:00,16472786,Mood For Mischief,0,11.29,1,1,1,1001,1,1001,0,0,0
189172240,GB / Wolverhampton 16th Oct,TO BE PLACED,16-10-2021 18:30,40503566,Dubai Hope,1,2.7930893145866866,2.69951919503235331941781406175594667165,2.18315003697577504972080556256214224547,2.78,2.38,1,1001,2.14,1837.28,246.94
189172250,GB / Wolverhampton 16th Oct,TO BE PLACED,16-10-2021 19:30,40678424,My Jeanie Rai,0,24.005099132,18.6512014517892423191493081508562600149,11.4451473198173441881122439845836119217,24,17,1,1001,9.82,730.42,0
189172250,GB / Wolverhampton 16th Oct,TO BE PLACED,16-10-2021 19:30,2003534,Ship To Shore,0,46,21.9087367498591670474775627275710739606,1,36,18.5,1,1001,0,242.5,0
189172225,GB / Wolverhampton 16th Oct,TO BE PLACED,16-10-2021 17:00,14437782,Chiavari,0,11.50877259654255893803,9.77702342840797977268508638061709873791,5.88856511362627373357684477907070202056,13.76,9.08,910,910,23,914.6,19.34
189172260,GB / Wolverhampton 16th Oct,TO BE PLACED,16-10-2021 20:30,13104412,Nacho,0,2.4,2.54096547981318350475038186699887337253,1.92998863088898738212925346987633076186,2.74,2.34,1,1001,8,4516.16,65.9
189172255,GB / Wolverhampton 16th Oct,TO BE PLACED,16-10-2021 20:00,40722985,Majestic Fighter,0,1.7680808164709465,1.67130378420046474020571785267824968729,1.5070027465576440559811835855411980781,1.81,1.59,1,1001,53.74,12630.24,259.72
189172753,GB / Stratford 16th Oct,TO BE PLACED,16-10-2021 13:45,41324794,Turnaway,0,1.615485073,1.51862630884096971870170735441170195284,1.64133073416101640815845650769535261976,1.49,1.48,990,44,5.68,5392.52,471.72
189172753,GB / Stratford 16th Oct,TO BE PLACED,16-10-2021 13:45,36715447,Harde Fashion,1,2.7395021048707724,2.96358505486002338536408059244490295339,1,1,1001,1.06,1.06,0,1265.34,926.68
189172753,GB / Stratford 16th Oct,TO BE PLACED,16-10-2021 13:45,39580329,Pollards Fen,0,28.56666674239561,19.2083164462360353024365943508083866697,1,29,15,1,1001,0,646.08,0
189172758,GB / Stratford 16th Oct,TO BE PLACED,16-10-2021 14:20,21449627,Dolly Mcqueen,0,4.1,3.09223760075357689828714501879038001713,3.22894248051210317486904552930213968518,3.65,3.65,1,1001,10,3469.24,303.28
189172768,GB / Stratford 16th Oct,TO BE PLACED,16-10-2021 15:30,18839086,Makka Pakka,1,5,5.02788374058395893572986845288636465915,1,1,1001,1,1001,0,1335.88,1185.66
189172773,GB / Stratford 16th Oct,TO BE PLACED,16-10-2021 16:05,34992484,Whispering Gypsy,0,2.1,2.08508007501259607022415358181337527405,2.03109201216840525359569198018308542759,2.1,1.96,2.62,2.3,49.2,2988.94,1251.06
189172773,GB / Stratford 16th Oct,TO BE PLACED,16-10-2021 16:05,15939817,Diamond Gait,0,3.234753341590695,3.25697068980169233747572356569844377743,2.75150167192743421092738763319269528704,3.35,3.15,3,3,23.26,2380.54,393.78
189172783,GB / Stratford 16th Oct,TO BE PLACED,16-10-2021 17:15,24144631,Genever Dragon,1,2.437058210826116,2.43012040334755994207907773937137801409,2.73584390735300407437173917455494940548,2.44,2.38,1,1001,14.22,2038.1,634.52
189172783,GB / Stratford 16th Oct,TO BE PLACED,16-10-2021 17:15,9570145,Taqwaa,0,3.443486519366415,3.65053495269198277118559971517182263121,1,1,1001,1,1001,0,782.9,51.78
189172783,GB / Stratford 16th Oct,TO BE PLACED,16-10-2021 17:15,11173075,Pateen,0,2.6,2.58891681217711499374292337219574006001,3.46263576848957925400911151776529978609,2.64,2.58,1,1001,23.02,1888.5,303.08
189173067,GB / Catterick 16th Oct,TO BE PLACED,16-10-2021 15:40,28562926,Isle Of Lismore,0,3.6,3.64801626903513525567702899672034266173,1,3.9,3.4,1,1001,0,5404.02,0
189173067,GB / Catterick 16th Oct,TO BE PLACED,16-10-2021 15:40,233020,Autumn Flight,0,5.2,4.79474575971521862943284113113166388821,4.02918391350932889632804371026407802057,4.8,4.8,1,1001,50.64,1320.12,41.32
189173047,GB / Catterick 16th Oct,TO BE PLACED,16-10-2021 13:20,40830375,Bint Elmalek,0,1.4507813948912398,1.43011920757029596306549259759625613305,1.3002755729480515036696451764756570582,1.48,1.33,1,1001,1432.48,13072.62,140.32
189173047,GB / Catterick 16th Oct,TO BE PLACED,16-10-2021 13:20,40980717,Forgetmenever,0,6.25,6.11030479486532572581808014984090639127,4.77922429557305905765298036791662256353,6.81,6.81,1,1001,13.68,1374.58,2
189173052,GB / Catterick 16th Oct,TO BE PLACED,16-10-2021 13:55,40017200,Cover Name,1,1.71,1.74069690646219674506993819712994703308,1.71376694620779159136232963652969461888,1.82,1.72,1.75,1.75,113.38,8884.54,604.42
189173062,GB / Catterick 16th Oct,TO BE PLACED,16-10-2021 15:05,15836857,Furzig,0,1.68,1.7429300370450808398200299286237149385,1.90398293583721711261966748165207356653,1.7,1.66,1,1001,287.5,9163.88,288.36
189173072,GB / Catterick 16th Oct,TO BE PLACED,16-10-2021 16:15,10058014,Dark Shot,1,2.64,2.62501810399091571023623081609455101235,2.13928268903504705043057869084775951417,2.66,2.6,1.44,1.44,27.74,5382.28,448.96
189173077,GB / Catterick 16th Oct,TO BE PLACED,16-10-2021 16:50,18105881,Lord Torranaga,1,1.9879097316337997,1.73253984430174662864232534080994615486,2.73746922823541544205625810860561201807,2.16,2.02,1,1001,21.24,7635.72,592.66
189173436,GB / Ffos Las 16th Oct,TO BE PLACED,16-10-2021 13:40,40438021,Belle Na Bann,0,4.942883242601676,5.07298912240817728306026235071680097249,1,4.7,4.7,1,1001,0,2003.5,26.02
189173451,GB / Ffos Las 16th Oct,TO BE PLACED,16-10-2021 15:25,36573599,Lily Glitters,0,2.6023437684986317,2.62500019579022143434228362965880135277,2.90131541456634114248934058472509023863,2.7,2.54,1,1001,346.84,5265.84,58.92
189173461,GB / Ffos Las 16th Oct,TO BE PLACED,16-10-2021 16:35,21679966,Umbrigado,0,8.75725768,9.04754516708082901192153432878126690394,8.92857030939971554873095480364397708261,9.2,8.6,1,1001,38,1177.44,60.3
189173441,GB / Ffos Las 16th Oct,TO BE PLACED,16-10-2021 14:15,38259503,Powerful Position,0,2.94760699775572,2.94281858508655508614705742573855160098,2.44819020547247247423920417371670584385,1,1001,1,1001,90.54,1401.96,35.88
189173446,GB / Ffos Las 16th Oct,TO BE PLACED,16-10-2021 14:50,26684166,Manintheshadows,1,1.9925005136737308,1.99358081660773914205175576142919309482,1.84090292480527219347540893830277345284,2.04,1.99,2,2,44,3296.84,1303.52
189173446,GB / Ffos Las 16th Oct,TO BE PLACED,16-10-2021 14:50,37501409,Malinas Island,0,2.36,2.52200643877394548628061815939612302163,2.8080032310659586252815482785333826816,1,1001,5,3.35,14,2482.98,803.42
189173446,GB / Ffos Las 16th Oct,TO BE PLACED,16-10-2021 14:50,32546,Saddlers Quest,0,7.2,6.47218070301857315512254304799679400926,6.35279061527542206385277243007467172914,6,6,1,1001,34.66,1263.24,127.72
189171791,GB / Ascot  16th Oct,TO BE PLACED,16-10-2021 13:25,36643217,The Mediterranean,0,3.7,3.67283064009278448426740587583245768849,3.84428529863594957737048158787880452824,3.77,3.55,3.7,3.7,1616.36,7283.24,416
189171791,GB / Ascot  16th Oct,TO BE PLACED,16-10-2021 13:25,10914087,Nicholas T,0,164.88058769,50.2496616016361979085349244965070395988,29.9423815539466176219808987888029267775,100,36,930,17,103.02,640.43,45.18
189171798,GB / Ascot  16th Oct,TO BE PLACED,16-10-2021 14:00,28575453,Happy Romance,0,9.492945829534436,8.06446861236951487481336937799723060883,6.7790615309491348853423856631901760886,9.2,6.6,1,1001,310.46,3165.5,48.76
189171798,GB / Ascot  16th Oct,TO BE PLACED,16-10-2021 14:00,36209652,Vadream,0,6.258616935427999,5.88007072558255774528197517474549602554,6.428291902221314776131234659824059376,6.4,5.4,1,1001,899.46,5816.5,82.96
189171798,GB / Ascot  16th Oct,TO BE PLACED,16-10-2021 14:00,24959421,Ainsdale,0,35.62263131562331,41.0424435124429396713964946022723133898,41.9974273991017295187353820690586941353,110,36,1,1001,62.86,557.36,0
189171819,GB / Ascot  16th Oct,TO BE PLACED,16-10-2021 15:50,28443351,Sealiway,1,3.75,3.36840969724058170340544624828456457715,3.11084099917360591687520244974519865878,3.75,3.01,3,3,649.8,8565.28,728.64
189171826,GB / Ascot  16th Oct,TO BE PLACED,16-10-2021 16:30,868018,Escobar,0,3.55,4.27342144962104634222219573249770909874,5.2573741902926635461245365798480755947,5.5,3.55,1,1001,512.44,15433.07,107.78
189171826,GB / Ascot  16th Oct,TO BE PLACED,16-10-2021 16:30,26588904,Magical Morning,1,12.337249783,12.4353641197240054962989365961970066426,10.34738960864451626933588919962017395,17,9.8,1,1001,171.44,3602.98,241.22
189171826,GB / Ascot  16th Oct,TO BE PLACED,16-10-2021 16:30,9834093,Oh This Is Us,0,22.829252441474054,19.460293634128583563375750022541545959,17.3804328738750691051352265422729817631,28,13.5,1,1001,135.84,2248.67,.42
189171826,GB / Ascot  16th Oct,TO BE PLACED,16-10-2021 16:30,21307301,Montatham,0,18.5,16.9830528196040713954013474888118893098,8.47930543220761964937420295300327511771,25,14.5,1,1001,42.28,2366.5,44.5
189171812,GB / Ascot  16th Oct,TO BE PLACED,16-10-2021 15:10,28702268,Master Of The Seas,0,3.328123128326856,3.13132585634775837263313225651806494781,2.97136151600466492705488914322580976104,3.35,3,3.35,3.35,1297.72,16780.43,418.34
189171805,GB / Ascot  16th Oct,TO BE PLACED,16-10-2021 14:35,36666986,Eshaada,1,3.7561158167436224,3.55589824949631815276450333851008925217,3.06410223214406645376356676444011439574,3.8,3.2,3.85,2.5,245.86,11096.16,2282.28
189171805,GB / Ascot  16th Oct,TO BE PLACED,16-10-2021 14:35,17667592,La Joconde,0,5.7,5.16952536858143104115608574424207926644,5.75065372820737178669640214578450342382,6,4.7,5.4,5.4,324.7,5420.4,445.72
189171847,GB / Market Rasen 16th Oct,TO BE PLACED,16-10-2021 14:10,13446783,Game Of War,0,70.95347436837852,23.2361632670251655002581651770842787865,1,46,19,75,28,0,447.14,71.74
189171857,GB / Market Rasen 16th Oct,TO BE PLACED,16-10-2021 15:20,12925628,Gortroe Joe,0,2.122897986850476,2.26473226262665945621741700350499963315,2.80933354679758278171121893217667564824,1,1001,930,910,160.78,3943.78,160.58
189171867,GB / Market Rasen 16th Oct,TO BE PLACED,16-10-2021 16:25,41324770,Our Star In Heaven,0,6.2,7.54417258656649123146432457073307006702,1,12.5,12.5,910,910,0,677.74,14.54
189171862,GB / Market Rasen 16th Oct,TO BE PLACED,16-10-2021 15:55,26641002,Cilluirid,1,1.97,2.03624266990031198147145781535750321401,1.97619900735184579128498388457652035512,1,1001,1,1001,55.48,3498.28,774.28
189171862,GB / Market Rasen 16th Oct,TO BE PLACED,16-10-2021 15:55,27394963,Miraculous Getaway,0,3.4230069992451178,3.1244365435236022739753088511756054134,2.39364490436817692638211811504715364757,1,1001,4.7,4.2,106,846.02,559.3
189171862,GB / Market Rasen 16th Oct,TO BE PLACED,16-10-2021 15:55,33810937,Tuff Mccool,0,5,5.62219200857294207649975992892135718192,4.89996392533369066336136390738385669933,6.2,5.2,6,4.8,4,1319.28,368.4
189171862,GB / Market Rasen 16th Oct,TO BE PLACED,16-10-2021 15:55,9517667,Zamani,0,3.15,3.03911921957689010504590394181495343941,3.31403541549119148457017016101719229434,3,2.98,1,1001,23.22,1743.88,57.06
189172230,GB / Wolverhampton 16th Oct,TO BE PLACED,16-10-2021 17:30,21806750,Well Prepared,0,2.42,2.54582813337340108239383369894637171154,3.11997624841425387734081868156847501986,2.66,2.46,1,1001,6.48,5813.58,20.04
189172230,GB / Wolverhampton 16th Oct,TO BE PLACED,16-10-2021 17:30,28562948,Spirit Of Sisra,0,3.0564727368706004,3.13048106405979899880348661727807945364,4.01333047066938619741644578770983500899,1,1001,1,1001,60,1235.08,381.8
189172230,GB / Wolverhampton 16th Oct,TO BE PLACED,16-10-2021 17:30,39174159,Bearwith,1,2.2563082232098886,2.20034635317970744345359637274203089287,2.37010019265468864339164384798280323551,2.2,2.06,1,1001,24,5598.44,1462.44
189172230,GB / Wolverhampton 16th Oct,TO BE PLACED,16-10-2021 17:30,346313,Destroyer,1,12.5,9.72899917887095096208692610354932035924,1,13.5,11,1,1001,0,754.88,382.32
189172235,GB / Wolverhampton 16th Oct,TO BE PLACED,16-10-2021 18:00,26073924,Flying Standard,1,1.79,1,1.85787327827673119549875948884242945734,1,1001,1,1001,56.9,0,0
189172245,GB / Wolverhampton 16th Oct,TO BE PLACED,16-10-2021 19:00,20491148,Fox Vardy,0,2.523468361,2.62757697833807852781719073966800425706,2.35998279679880972445818634089073061298,2.92,2.5,1,1001,4.68,2845.44,133.12
189172250,GB / Wolverhampton 16th Oct,TO BE PLACED,16-10-2021 19:30,39246366,Traila,1,1.363756899,1.33793643561565192881539030439765349872,1.61686173815197625405526093253033487532,1.35,1.26,1,1001,66.24,15032.56,656.5
189172250,GB / Wolverhampton 16th Oct,TO BE PLACED,16-10-2021 19:30,11444148,Swiss Magic,0,290,124.97917968790957602059159927121996794,1,220,100,930,120,0,202,5.98
189172225,GB / Wolverhampton 16th Oct,TO BE PLACED,16-10-2021 17:00,21214432,Defilade,1,3.273095553924809975254,3.32104168905119242902248650190613315485,2.98024329192584860118786347611247466899,3.42,3.34,1.46,1.46,16,2246.12,393.26
189172260,GB / Wolverhampton 16th Oct,TO BE PLACED,16-10-2021 20:30,8556771,Red Stripes,0,33.676682325527054,17.8712420840868832218849225649482348558,1,30,17.5,1,1001,0,676.3,3.36
189172260,GB / Wolverhampton 16th Oct,TO BE PLACED,16-10-2021 20:30,24830588,Glamorous Force,0,2.38,2.52862299312989282770209585849737139139,3.04079569846680982148633428436414472125,2.6,2.42,1,1001,16.7,3148.8,57.6
189172255,GB / Wolverhampton 16th Oct,TO BE PLACED,16-10-2021 20:00,40849706,Gliding Bay,0,7.329349370503332,6.75915770967967044739508397669120618228,1,7,6.4,1,1001,0,1018.86,30.44
189172753,GB / Stratford 16th Oct,TO BE PLACED,16-10-2021 13:45,39113834,The Wise Traveller,1,2.799333231811251,2.84992645380359414137571399006195911428,5.00545173514128797280901653699466755553,2.8,2.8,1.64,1.5,73.32,2847.64,900.48
189172758,GB / Stratford 16th Oct,TO BE PLACED,16-10-2021 14:20,24818053,Dutch Admiral,0,3.25,2.85384542280164235452132007148468155299,3.07999500801198077124614900924237781829,1,1001,1,1001,20,1947.54,84.4
189172758,GB / Stratford 16th Oct,TO BE PLACED,16-10-2021 14:20,36938573,Picturesque View,0,16.5,8.53300771490298901546619701187075218657,5.39894483426049487223061237819626327523,15.5,10,910,44,16.44,1048.5,75.94
189172768,GB / Stratford 16th Oct,TO BE PLACED,16-10-2021 15:30,11683779,Romanor,1,1.8771615253448448,1.88857661426216332854072914920461663332,2.44150295577170619337847632306967436381,2.02,1.79,1,1001,152.9,9629,1280.1
189172768,GB / Stratford 16th Oct,TO BE PLACED,16-10-2021 15:30,28440775,Shentri,0,2.54,2.31221343121653590846162950399577166233,1.68895007969526715452075229214271113342,2.56,2.3,1,1001,135.68,3582.2,1164.92
189172768,GB / Stratford 16th Oct,TO BE PLACED,16-10-2021 15:30,12906128,Waikiki Waves,0,6.6,5.82071207432379800142559915774043251514,4.78096729463290142540267026690219129605,1,1001,1,1001,4,674.08,67.98
189172773,GB / Stratford 16th Oct,TO BE PLACED,16-10-2021 16:05,21092025,Triple Nickle,1,6.01456930552551,6.43579245204470021444008164854236699844,1,6.8,6.8,1,1001,0,987.68,319.38
189172778,GB / Stratford 16th Oct,TO BE PLACED,16-10-2021 16:40,135851,Rebel Leader,1,1.6088289916703071,1.67544438753338740172000704896713211462,1.56864396271908854314046848981966976227,1.67,1.67,1.65,1.52,15.68,4059,2743.6
189172778,GB / Stratford 16th Oct,TO BE PLACED,16-10-2021 16:40,10579404,Lough Salt,0,3.499733000163687,3.70244004969134874153934063120113917009,3.47944965561191085193494600658222101946,3.6,3.6,1,1001,23.46,1221.98,33.56
189173057,GB / Catterick 16th Oct,TO BE PLACED,16-10-2021 14:30,35377983,Sir Sedric,1,4.994197441,2.79414636473820802697882862154266382677,3.94585647388633737182432651226954667052,5.4,5.4,1,1001,43.08,1551.6,336.9
189173057,GB / Catterick 16th Oct,TO BE PLACED,16-10-2021 14:30,38548038,Secret Glow,0,19,8.60359347509420694161018486792347463644,13.0999576501482244812143157498948753679,16,12.5,1,1001,8,687.34,27.04
189173062,GB / Catterick 16th Oct,TO BE PLACED,16-10-2021 15:05,38941683,Eye Knee,0,1.72,1.77394767450274480771034624023762666373,2.16389240275416781330497769998765110815,2,1.69,1,1001,89.88,7291.82,302.72
189173072,GB / Catterick 16th Oct,TO BE PLACED,16-10-2021 16:15,10152151,Round The Island,1,5.6744175542963795,5.83763812008684464159969518076819578606,5.77845482385421093820071168389583841976,6,6,1.25,1.25,26.56,1219.44,533.56
189173072,GB / Catterick 16th Oct,TO BE PLACED,16-10-2021 16:15,11378882,Tommy Taylor,0,2.118063890534832,2.26226769192348200692964178707061874309,2.69621297047227392811034129773702759766,2.34,2.18,2.12,2.12,132.56,6942.72,2320.7
189173077,GB / Catterick 16th Oct,TO BE PLACED,16-10-2021 16:50,15273986,Jamil,0,17.400661877,11.7525837956762634436538915472482615296,1,17,17,1,1001,0,514.68,5
189173077,GB / Catterick 16th Oct,TO BE PLACED,16-10-2021 16:50,26493027,Miss Roulette,0,8.4,6.46457142606519486297640528009207327921,10.3205639068146782373721597041800316442,8.6,6.4,1,1001,6.3,1570.94,76.8
189173077,GB / Catterick 16th Oct,TO BE PLACED,16-10-2021 16:50,28618415,Bollin Neil,1,1.6808906816946907,1.61305852091923855265391021874373534005,2.02302202513894473020944305952102466306,1.74,1.64,1,1001,239.38,16895.46,960.08
189173451,GB / Ffos Las 16th Oct,TO BE PLACED,16-10-2021 15:25,8523754,In Rem,1,5.7,4.67634782111374113690657248913683529218,4.10187354020296398731567693294793836981,1,1001,1,1001,51.72,662.96,369.62
189173451,GB / Ffos Las 16th Oct,TO BE PLACED,16-10-2021 15:25,22248113,Czech Her Out,0,3.174957273544264,3.16033248102649624402438961498217610232,3.59899713563962462768475343535634417602,3.15,3.15,1,1001,142.3,1718.78,26.92
189173451,GB / Ffos Las 16th Oct,TO BE PLACED,16-10-2021 15:25,2597528,The Boat,0,6.689825190389531,7.21183274868260820396208512520101038052,1,7,6.8,1,1001,0,1433.6,51.7
189173456,GB / Ffos Las 16th Oct,TO BE PLACED,16-10-2021 16:00,17710951,Pic Dorhy,1,1.954113345,1.94043498712450652880331285418377841265,1.71323489323816441474279044162043799766,2,2,1.33,1.07,10,2790.88,2385.8
189173461,GB / Ffos Las 16th Oct,TO BE PLACED,16-10-2021 16:35,11896793,Dans Le Vent,1,5.7,5.8767186658479069918248010174220181218,5.10999516388762854907327858846867949738,5.6,5.6,1,1001,73.82,991.2,289.04
189173461,GB / Ffos Las 16th Oct,TO BE PLACED,16-10-2021 16:35,36676161,Amarillo Sky,0,3.382440734699448,3.51345499775702930123826224470233807637,3.09769798421558913519500134989289416818,1,1001,1,1001,150,1558.5,42.88
189173441,GB / Ffos Las 16th Oct,TO BE PLACED,16-10-2021 14:15,16377825,Bullion,0,1.9,1.98248021307381473815029565541252783476,2.41510462481654492913281891036358530439,1,1001,1,1001,4.1,1597.72,326.38
189173441,GB / Ffos Las 16th Oct,TO BE PLACED,16-10-2021 14:15,36324208,Numbers Man,1,2.9910742828601355,2.97950211122523100054735852985670020748,2.7653843378920374075363431882856592049,1,1001,1,1001,37.8,732.96,1011.74
189173446,GB / Ffos Las 16th Oct,TO BE PLACED,16-10-2021 14:50,13415137,Ali The Hunter,0,5.308324553868732,4.98642819892294037071632464487552605304,5.00290791945972886772190451607933412992,5.4,4.2,930,3.1,85.18,2187.66,229.16
189173471,GB / Ffos Las 16th Oct,TO BE PLACED,16-10-2021 17:40,38680138,Kayf Taoi,0,1.49,1,1.31795648285455649593309667376120478994,1,1001,1,1001,187.92,0,0
189173471,GB / Ffos Las 16th Oct,TO BE PLACED,16-10-2021 17:40,41324784,The Boola Boss,1,1.88,1,3.52016740398931948471318346207285680337,1,1001,1,1001,36.44,0,0
189173471,GB / Ffos Las 16th Oct,TO BE PLACED,16-10-2021 17:40,41324785,Ballyhawkish,0,2.69,1,2.35704305027467720211956765709792680888,1,1001,1,1001,64,0,0
