event_id,menu_hint,event_name,event_dt,selection_id,selection_name,win_lose,bsp,ppwap,morningwap,ppmax,ppmin,ipmax,ipmin,morningtradedvol,pptradedvol,iptradedvol
226804461,Compiegne (FRA) 29th Mar,To Be Placed,29-03-2024 14:45,13655995,Delirium Tremens,0,9.80000000,1.0000,1.0000,1.00,1001.00,1.00,1001.00,0.00,0.00,0.00
226787580,Fontainebleau (FRA) 29th Mar,To Be Placed,29-03-2024 14:27,67562223,For Mary,1,4.60000000,1.0000,1.0000,1.00,1001.00,1.00,1001.00,0.00,0.00,0.00
226804459,Compiegne (FRA) 29th Mar,To Be Placed,29-03-2024 14:10,16977119,Tarcenay,1,5.70000000,1.0000,1.0000,1.00,1001.00,1.00,1001.00,0.00,0.00,0.00
226804463,Compiegne (FRA) 29th Mar,To Be Placed,29-03-2024 15:20,20236879,Aborigene,0,5.40000000,1.0000,1.0000,1.00,1001.00,1.00,1001.00,0.00,0.00,0.00
226804467,Compiegne (FRA) 29th Mar,To Be Placed,29-03-2024 16:30,51786208,Elauneil,0,7.40000000,1.0000,1.0000,1.00,1001.00,1.00,1001.00,0.00,0.00,0.00
226787580,Fontainebleau (FRA) 29th Mar,To Be Placed,29-03-2024 14:27,49378924,Starnight,0,19.69690800,1.0000,1.0000,1.00,1001.00,1.00,1001.00,0.00,0.00,0.00
226804457,Compiegne (FRA) 29th Mar,To Be Placed,29-03-2024 13:35,64164888,La Vuelta,1,4.06859615,1.0000,1.0000,1.00,1001.00,1.00,1001.00,0.00,0.00,0.00
226804455,Compiegne (FRA) 29th Mar,To Be Placed,29-03-2024 13:00,58720282,Didjie,0,5.10000000,1.0000,1.0000,1.00,1001.00,1.00,1001.00,0.00,0.00,0.00
226787582,Fontainebleau (FRA) 29th Mar,To Be Placed,29-03-2024 15:00,41730408,Travel De Belair,1,2.02000000,1.0000,1.0000,1.00,1001.00,1.00,1001.00,0.00,0.00,0.00
226804459,Compiegne (FRA) 29th Mar,To Be Placed,29-03-2024 14:10,20236885,Jewel De Cerisy,0,3.50000000,1.0000,1.0000,1.00,1001.00,1.00,1001.00,0.00,0.00,0.00
226804469,Compiegne (FRA) 29th Mar,To Be Placed,29-03-2024 17:05,6958443,Lery,0,7.60000000,1.0000,1.0000,1.00,1001.00,1.00,1001.00,0.00,0.00,0.00
226787580,Fontainebleau (FRA) 29th Mar,To Be Placed,29-03-2024 14:27,62099646,Maverick Lady,1,1.56500000,1.0000,1.0000,1.00,1001.00,1.00,1001.00,0.00,0.00,0.00
226804453,Compiegne (FRA) 29th Mar,To Be Placed,29-03-2024 12:26,36972600,Jack Of Trades,1,3.25000000,1.0000,1.0000,1.00,1001.00,1.00,1001.00,0.00,0.00,0.00
226787576,Fontainebleau (FRA) 29th Mar,To Be Placed,29-03-2024 13:17,66461687,Kart Destruval,1,1.28320536,1.0000,1.0000,1.00,1001.00,1.00,1001.00,0.00,0.00,0.00
226787568,Fontainebleau (FRA) 29th Mar,To Be Placed,29-03-2024 11:38,64053615,Kitoko,0,1.49000000,1.0000,1.0000,1.00,1001.00,1.00,1001.00,0.00,0.00,0.00
226787580,Fontainebleau (FRA) 29th Mar,To Be Placed,29-03-2024 14:27,60696623,La Kasa,1,4.25000000,1.0000,1.0000,1.00,1001.00,1.00,1001.00,0.00,0.00,0.00
226787576,Fontainebleau (FRA) 29th Mar,To Be Placed,29-03-2024 13:17,59015602,Kanfyn Ludois,0,3.73676768,1.0000,1.0000,1.00,1001.00,1.00,1001.00,0.00,0.00,0.00
226804457,Compiegne (FRA) 29th Mar,To Be Placed,29-03-2024 13:35,63437697,Le Ravi,0,3.05000000,1.0000,1.0000,1.00,1001.00,1.00,1001.00,0.00,0.00,0.00
226787582,Fontainebleau (FRA) 29th Mar,To Be Placed,29-03-2024 15:00,32357676,Guenola Conti,0,4.00000000,1.0000,1.0000,1.00,1001.00,1.00,1001.00,0.00,0.00,0.00
226787578,Fontainebleau (FRA) 29th Mar,To Be Placed,29-03-2024 13:52,67562219,Speed Coko,0,1.91500000,1.0000,1.0000,1.00,1001.00,1.00,1001.00,0.00,0.00,0.00
226804469,Compiegne (FRA) 29th Mar,To Be Placed,29-03-2024 17:05,53861061,Alcotan,0,2.30000000,1.0000,1.0000,1.00,1001.00,1.00,1001.00,0.00,0.00,0.00
226804457,Compiegne (FRA) 29th Mar,To Be Placed,29-03-2024 13:35,10124126,Semper Fi,0,7.30000000,1.0000,1.0000,1.00,1001.00,1.00,1001.00,0.00,0.00,0.00
226787572,Fontainebleau (FRA) 29th Mar,To Be Placed,29-03-2024 12:10,41931761,Mercinette,0,7.05173454,1.0000,1.0000,1.00,1001.00,1.00,1001.00,0.00,0.00,0.00
226804467,Compiegne (FRA) 29th Mar,To Be Placed,29-03-2024 16:30,47674094,Eurythmical,0,2.98000000,1.0000,1.0000,1.00,1001.00,1.00,1001.00,0.00,0.00,0.00
226787568,Fontainebleau (FRA) 29th Mar,To Be Placed,29-03-2024 11:38,55944284,Cheap Monday,1,2.36000000,1.0000,1.0000,1.00,1001.00,1.00,1001.00,0.00,0.00,0.00
226787570,Fontainebleau (FRA) 29th Mar,To Be Placed,29-03-2024 11:06,40629633,Milanne,1,1.68500000,1.0000,1.6128,1.00,1001.00,1.00,1001.00,289.74,0.00,0.00
226804465,Compiegne (FRA) 29th Mar,To Be Placed,29-03-2024 15:55,26398295,Silver Schnok,1,6.26417080,1.0000,1.0000,1.00,1001.00,1.00,1001.00,0.00,0.00,0.00
226787580,Fontainebleau (FRA) 29th Mar,To Be Placed,29-03-2024 14:27,3646986,Trim,0,3.32500000,1.0000,1.0000,1.00,1001.00,1.00,1001.00,0.00,0.00,0.00
226787576,Fontainebleau (FRA) 29th Mar,To Be Placed,29-03-2024 13:17,21372660,Tough Times,0,29.00000000,1.0000,1.0000,1.00,1001.00,1.00,1001.00,0.00,0.00,0.00
226787578,Fontainebleau (FRA) 29th Mar,To Be Placed,29-03-2024 13:52,49525934,Mr Mistoffelees,0,5.25000000,1.0000,1.0000,1.00,1001.00,1.00,1001.00,0.00,0.00,0.00
226787576,Fontainebleau (FRA) 29th Mar,To Be Placed,29-03-2024 13:17,66242964,Kantor Du Seuil,0,3.39366228,1.0000,1.0000,1.00,1001.00,1.00,1001.00,0.00,0.00,0.00
226787572,Fontainebleau (FRA) 29th Mar,To Be Placed,29-03-2024 12:10,47079171,Jojo Lapin,1,1.91891413,1.0000,1.0000,1.00,1001.00,1.00,1001.00,0.00,0.00,0.00
226787582,Fontainebleau (FRA) 29th Mar,To Be Placed,29-03-2024 15:00,40804970,Iridia,0,2.67167478,1.0000,1.0000,1.00,1001.00,1.00,1001.00,0.00,0.00,0.00
226787572,Fontainebleau (FRA) 29th Mar,To Be Placed,29-03-2024 12:10,24003008,Irascible,0,2.26491692,1.0000,1.0000,1.00,1001.00,1.00,1001.00,0.00,0.00,0.00
226804461,Compiegne (FRA) 29th Mar,To Be Placed,29-03-2024 14:45,56809971,Roi De Baviere,1,1.59000000,1.0000,1.0000,1.00,1001.00,1.00,1001.00,0.00,0.00,0.00
226787582,Fontainebleau (FRA) 29th Mar,To Be Placed,29-03-2024 15:00,27006808,Gasby Des Planches,0,1.72000000,1.0000,1.0000,1.00,1001.00,1.00,1001.00,0.00,0.00,0.00
226804459,Compiegne (FRA) 29th Mar,To Be Placed,29-03-2024 14:10,25013767,Armorigene,0,4.51559151,1.0000,1.0000,1.00,1001.00,1.00,1001.00,0.00,0.00,0.00
226787576,Fontainebleau (FRA) 29th Mar,To Be Placed,29-03-2024 13:17,32686,Game On,0,9.58353176,1.0000,1.0000,1.00,1001.00,1.00,1001.00,0.00,0.00,0.00
226804453,Compiegne (FRA) 29th Mar,To Be Placed,29-03-2024 12:26,638734,Mystery,1,1.38000000,1.0000,1.0000,1.00,1001.00,1.00,1001.00,0.00,0.00,0.00
226787580,Fontainebleau (FRA) 29th Mar,To Be Placed,29-03-2024 14:27,57306512,Rabelloise,0,7.30000000,1.0000,1.0000,1.00,1001.00,1.00,1001.00,0.00,0.00,0.00
226787572,Fontainebleau (FRA) 29th Mar,To Be Placed,29-03-2024 12:10,39142948,Ispano Star,0,3.30811945,1.0000,1.0000,1.00,1001.00,1.00,1001.00,0.00,0.00,0.00
226787576,Fontainebleau (FRA) 29th Mar,To Be Placed,29-03-2024 13:17,67562213,Kountry Mag,0,2.74000000,1.0000,1.0000,1.00,1001.00,1.00,1001.00,0.00,0.00,0.00
226787580,Fontainebleau (FRA) 29th Mar,To Be Placed,29-03-2024 14:27,63825621,Ketlink Nao,0,28.50000000,1.0000,1.0000,1.00,1001.00,1.00,1001.00,0.00,0.00,0.00
226804469,Compiegne (FRA) 29th Mar,To Be Placed,29-03-2024 17:05,50269694,Moon Rider,0,19.09635505,1.0000,1.0000,1.00,1001.00,1.00,1001.00,0.00,0.00,0.00
226804455,Compiegne (FRA) 29th Mar,To Be Placed,29-03-2024 13:00,67572470,Dschingis Art,1,6.40000000,1.0000,1.0000,1.00,1001.00,1.00,1001.00,0.00,0.00,0.00
226804463,Compiegne (FRA) 29th Mar,To Be Placed,29-03-2024 15:20,40776955,The Footman,0,6.80000000,1.0000,1.0000,1.00,1001.00,1.00,1001.00,0.00,0.00,0.00
226787580,Fontainebleau (FRA) 29th Mar,To Be Placed,29-03-2024 14:27,62099645,Nordica Debelair,0,2.26000000,1.0000,1.0000,1.00,1001.00,1.00,1001.00,0.00,0.00,0.00
226804463,Compiegne (FRA) 29th Mar,To Be Placed,29-03-2024 15:20,12783668,Lucky You,0,8.29635551,1.0000,1.0000,1.00,1001.00,1.00,1001.00,0.00,0.00,0.00
226804463,Compiegne (FRA) 29th Mar,To Be Placed,29-03-2024 15:20,35546808,Got Frost,1,2.55000000,1.0000,1.0000,1.00,1001.00,1.00,1001.00,0.00,0.00,0.00
226804465,Compiegne (FRA) 29th Mar,To Be Placed,29-03-2024 15:55,41245979,Welcome Tango,0,22.25000000,1.0000,1.0000,1.00,1001.00,1.00,1001.00,0.00,0.00,0.00
226787574,Fontainebleau (FRA) 29th Mar,To Be Placed,29-03-2024 12:42,10980911,Jamie,0,21.00000000,1.0000,1.0000,1.00,1001.00,1.00,1001.00,0.00,0.00,0.00
226787570,Fontainebleau (FRA) 29th Mar,To Be Placed,29-03-2024 11:06,47638787,Rosie De La Vis,0,19.74929862,1.0000,1.0000,1.00,1001.00,1.00,1001.00,0.00,0.00,0.00
226787578,Fontainebleau (FRA) 29th Mar,To Be Placed,29-03-2024 13:52,1438372,Kaballero,1,10.55000000,1.0000,1.0000,1.00,1001.00,1.00,1001.00,0.00,0.00,0.00
226787582,Fontainebleau (FRA) 29th Mar,To Be Placed,29-03-2024 15:00,39236898,Impair Et Passe,0,7.04386001,1.0000,1.0000,1.00,1001.00,1.00,1001.00,0.00,0.00,0.00
226787568,Fontainebleau (FRA) 29th Mar,To Be Placed,29-03-2024 11:38,60418588,Gemill,0,7.16984556,1.0000,1.0000,1.00,1001.00,1.00,1001.00,0.00,0.00,0.00
226787570,Fontainebleau (FRA) 29th Mar,To Be Placed,29-03-2024 11:06,36632053,Lisbonne Jelois,0,80.00000000,1.0000,1.0000,1.00,1001.00,1.00,1001.00,0.00,0.00,0.00
226787572,Fontainebleau (FRA) 29th Mar,To Be Placed,29-03-2024 12:10,45099841,Speed Emile,1,1.74000000,1.0000,1.0000,1.00,1001.00,1.00,1001.00,0.00,0.00,0.00
226804469,Compiegne (FRA) 29th Mar,To Be Placed,29-03-2024 17:05,47250743,Al Alaali,1,4.40000000,1.0000,1.0000,1.00,1001.00,1.00,1001.00,0.00,0.00,0.00
226787578,Fontainebleau (FRA) 29th Mar,To Be Placed,29-03-2024 13:52,67562218,Bakarelo,0,3.50000000,1.0000,1.0000,1.00,1001.00,1.00,1001.00,0.00,0.00,0.00
226804467,Compiegne (FRA) 29th Mar,To Be Placed,29-03-2024 16:30,61141430,Kim De Gaudel,0,3.48699324,1.0000,1.0000,1.00,1001.00,1.00,1001.00,0.00,0.00,0.00
226804457,Compiegne (FRA) 29th Mar,To Be Placed,29-03-2024 13:35,53997667,Sublime Chope,0,3.15000000,1.0000,1.0000,1.00,1001.00,1.00,1001.00,0.00,0.00,0.00
226787580,Fontainebleau (FRA) 29th Mar,To Be Placed,29-03-2024 14:27,60874918,Mapartee,0,3.30000000,1.0000,1.0000,1.00,1001.00,1.00,1001.00,0.00,0.00,0.00
226804461,Compiegne (FRA) 29th Mar,To Be Placed,29-03-2024 14:45,58720280,Human Evolution,1,1.66843635,1.0000,1.0000,1.00,1001.00,1.00,1001.00,0.00,0.00,0.00
226787568,Fontainebleau (FRA) 29th Mar,To Be Placed,29-03-2024 11:38,50562246,Sirima,1,3.36813667,1.0000,1.0000,1.00,1001.00,1.00,1001.00,0.00,0.00,0.00
226804467,Compiegne (FRA) 29th Mar,To Be Placed,29-03-2024 16:30,48726377,Arcubiatu,1,1.85000000,1.0000,1.0000,1.00,1001.00,1.00,1001.00,0.00,0.00,0.00
226804469,Compiegne (FRA) 29th Mar,To Be Placed,29-03-2024 17:05,47638875,Montgaudry,1,8.82678213,1.0000,1.0000,1.00,1001.00,1.00,1001.00,0.00,0.00,0.00
226804459,Compiegne (FRA) 29th Mar,To Be Placed,29-03-2024 14:10,45721371,Monjaraz,0,3.95000000,1.0000,1.0000,1.00,1001.00,1.00,1001.00,0.00,0.00,0.00
226787582,Fontainebleau (FRA) 29th Mar,To Be Placed,29-03-2024 15:00,38081011,Gap Pierji,1,9.82793059,1.0000,1.0000,1.00,1001.00,1.00,1001.00,0.00,0.00,0.00
226804465,Compiegne (FRA) 29th Mar,To Be Placed,29-03-2024 15:55,22970887,Highest Mountain,0,3.70000000,1.0000,1.0000,1.00,1001.00,1.00,1001.00,0.00,0.00,0.00
226804455,Compiegne (FRA) 29th Mar,To Be Placed,29-03-2024 13:00,10290531,Pura Vida,0,10.14792972,1.0000,1.0000,1.00,1001.00,1.00,1001.00,0.00,0.00,0.00
226804455,Compiegne (FRA) 29th Mar,To Be Placed,29-03-2024 13:00,2685827,On Borrowed Time,0,3.80898192,1.0000,1.0000,1.00,1001.00,1.00,1001.00,0.00,0.00,0.00
226804463,Compiegne (FRA) 29th Mar,To Be Placed,29-03-2024 15:20,43204822,Miss Cosy,0,5.35000000,1.0000,1.0000,1.00,1001.00,1.00,1001.00,0.00,0.00,0.00
226804467,Compiegne (FRA) 29th Mar,To Be Placed,29-03-2024 16:30,49872118,Danseuse Celebre,1,5.41171608,1.0000,1.0000,1.00,1001.00,1.00,1001.00,0.00,0.00,0.00
226804459,Compiegne (FRA) 29th Mar,To Be Placed,29-03-2024 14:10,35655831,Galway City,0,2.18000000,1.0000,1.0000,1.00,1001.00,1.00,1001.00,0.00,0.00,0.00
226804461,Compiegne (FRA) 29th Mar,To Be Placed,29-03-2024 14:45,60696436,Clash Royale,0,3.75000000,1.0000,1.0000,1.00,1001.00,1.00,1001.00,0.00,0.00,0.00
226787574,Fontainebleau (FRA) 29th Mar,To Be Placed,29-03-2024 12:42,54175536,Juste Raise,0,2.74000000,1.0000,1.0000,1.00,1001.00,1.00,1001.00,0.00,0.00,0.00
226804459,Compiegne (FRA) 29th Mar,To Be Placed,29-03-2024 14:10,39098985,Tytan,0,11.20000000,1.0000,1.0000,1.00,1001.00,1.00,1001.00,0.00,0.00,0.00
226804457,Compiegne (FRA) 29th Mar,To Be Placed,29-03-2024 13:35,27125892,Santo,0,2.48000000,1.0000,1.0000,1.00,1001.00,1.00,1001.00,0.00,0.00,0.00
226787582,Fontainebleau (FRA) 29th Mar,To Be Placed,29-03-2024 15:00,39801361,Solingen,0,5.44590815,1.0000,1.0000,1.00,1001.00,1.00,1001.00,0.00,0.00,0.00
226804461,Compiegne (FRA) 29th Mar,To Be Placed,29-03-2024 14:45,54175546,Ladyshow,0,2.74000000,1.0000,1.0000,1.00,1001.00,1.00,1001.00,0.00,0.00,0.00
226804465,Compiegne (FRA) 29th Mar,To Be Placed,29-03-2024 15:55,37468889,Asphodele Mia,0,15.00000000,1.0000,1.0000,1.00,1001.00,1.00,1001.00,0.00,0.00,0.00
226804457,Compiegne (FRA) 29th Mar,To Be Placed,29-03-2024 13:35,61524281,Gran Habano,1,1.84000000,1.0000,1.0000,1.00,1001.00,1.00,1001.00,0.00,0.00,0.00
226804467,Compiegne (FRA) 29th Mar,To Be Placed,29-03-2024 16:30,44621156,Kolplet,0,1.93000000,1.0000,1.0000,1.00,1001.00,1.00,1001.00,0.00,0.00,0.00
226804465,Compiegne (FRA) 29th Mar,To Be Placed,29-03-2024 15:55,42439797,Liebe Kinder,0,3.32500000,1.0000,1.0000,1.00,1001.00,1.00,1001.00,0.00,0.00,0.00
226804461,Compiegne (FRA) 29th Mar,To Be Placed,29-03-2024 14:45,62178391,Meisho Bonheur,0,2.98000000,1.0000,1.0000,1.00,1001.00,1.00,1001.00,0.00,0.00,0.00
226787578,Fontainebleau (FRA) 29th Mar,To Be Placed,29-03-2024 13:52,67562217,Porzman,0,7.50000000,1.0000,1.0000,1.00,1001.00,1.00,1001.00,0.00,0.00,0.00
226787574,Fontainebleau (FRA) 29th Mar,To Be Placed,29-03-2024 12:42,53120633,Jakarta De Baune,1,12.69071341,1.0000,1.0000,1.00,1001.00,1.00,1001.00,0.00,0.00,0.00
226787568,Fontainebleau (FRA) 29th Mar,To Be Placed,29-03-2024 11:38,62138543,Kiwi De Ciergues,0,18.70998435,1.0000,1.0000,1.00,1001.00,1.00,1001.00,0.00,0.00,0.00
226804459,Compiegne (FRA) 29th Mar,To Be Placed,29-03-2024 14:10,42974429,Daisy Senora,0,4.55954775,1.0000,1.0000,1.00,1001.00,1.00,1001.00,0.00,0.00,0.00
226787576,Fontainebleau (FRA) 29th Mar,To Be Placed,29-03-2024 13:17,59850889,Kir Sacre,0,7.80000000,1.0000,1.0000,1.00,1001.00,1.00,1001.00,0.00,0.00,0.00
226787576,Fontainebleau (FRA) 29th Mar,To Be Placed,29-03-2024 13:17,60874920,Petit Dragon,0,10.50000000,1.0000,1.0000,1.00,1001.00,1.00,1001.00,0.00,0.00,0.00
226804465,Compiegne (FRA) 29th Mar,To Be Placed,29-03-2024 15:55,18360909,Follow You,0,4.40000000,1.0000,1.0000,1.00,1001.00,1.00,1001.00,0.00,0.00,0.00
226804457,Compiegne (FRA) 29th Mar,To Be Placed,29-03-2024 13:35,62433767,True Value,1,2.13472847,1.0000,1.0000,1.00,1001.00,1.00,1001.00,0.00,0.00,0.00
226787574,Fontainebleau (FRA) 29th Mar,To Be Placed,29-03-2024 12:42,64606103,Jolie Nonne,0,3.85000000,1.0000,1.0000,1.00,1001.00,1.00,1001.00,0.00,0.00,0.00
226804469,Compiegne (FRA) 29th Mar,To Be Placed,29-03-2024 17:05,49775780,Kynada,0,16.00000000,1.0000,1.0000,1.00,1001.00,1.00,1001.00,0.00,0.00,0.00
226787582,Fontainebleau (FRA) 29th Mar,To Be Placed,29-03-2024 15:00,28067886,Im Walkin,0,11.82115378,1.0000,1.0000,1.00,1001.00,1.00,1001.00,0.00,0.00,0.00
226804463,Compiegne (FRA) 29th Mar,To Be Placed,29-03-2024 15:20,38450955,Cole Chop,0,2.51901103,1.0000,1.0000,1.00,1001.00,1.00,1001.00,0.00,0.00,0.00
226804465,Compiegne (FRA) 29th Mar,To Be Placed,29-03-2024 15:55,41776944,Kupala,0,4.15000000,1.0000,1.0000,1.00,1001.00,1.00,1001.00,0.00,0.00,0.00
226787578,Fontainebleau (FRA) 29th Mar,To Be Placed,29-03-2024 13:52,59651826,Montchauvet,0,8.75501140,1.0000,1.0000,1.00,1001.00,1.00,1001.00,0.00,0.00,0.00
226804453,Compiegne (FRA) 29th Mar,To Be Placed,29-03-2024 12:26,40211058,Chilli Princess,0,3.50000000,1.0000,1.0000,1.00,1001.00,1.00,1001.00,0.00,0.00,0.00
226804467,Compiegne (FRA) 29th Mar,To Be Placed,29-03-2024 16:30,61633404,Mandres,0,3.20000000,1.0000,1.0000,1.00,1001.00,1.00,1001.00,0.00,0.00,0.00
226804457,Compiegne (FRA) 29th Mar,To Be Placed,29-03-2024 13:35,64319680,Nousdeux,0,2.55000000,1.0000,1.0000,1.00,1001.00,1.00,1001.00,0.00,0.00,0.00
226787578,Fontainebleau (FRA) 29th Mar,To Be Placed,29-03-2024 13:52,66986351,Messy,1,10.50000000,1.0000,1.0000,1.00,1001.00,1.00,1001.00,0.00,0.00,0.00
226804469,Compiegne (FRA) 29th Mar,To Be Placed,29-03-2024 17:05,46056870,Rising Blast,0,3.45000000,1.0000,1.0000,1.00,1001.00,1.00,1001.00,0.00,0.00,0.00
226787580,Fontainebleau (FRA) 29th Mar,To Be Placed,29-03-2024 14:27,54245971,Graine De Beaute,0,5.15000000,1.0000,1.0000,1.00,1001.00,1.00,1001.00,0.00,0.00,0.00
226804465,Compiegne (FRA) 29th Mar,To Be Placed,29-03-2024 15:55,13162748,Maktava,0,6.10000000,1.0000,1.0000,1.00,1001.00,1.00,1001.00,0.00,0.00,0.00
226804461,Compiegne (FRA) 29th Mar,To Be Placed,29-03-2024 14:45,62810966,Kenpic,0,50.00000000,1.0000,1.0000,1.00,1001.00,1.00,1001.00,0.00,0.00,0.00
226804463,Compiegne (FRA) 29th Mar,To Be Placed,29-03-2024 15:20,40411714,Darenix,0,1.64017574,1.0000,1.0000,1.00,1001.00,1.00,1001.00,0.00,0.00,0.00
226804459,Compiegne (FRA) 29th Mar,To Be Placed,29-03-2024 14:10,24704143,Well De Vindecy,0,1.51500000,1.0000,1.0000,1.00,1001.00,1.00,1001.00,0.00,0.00,0.00
226804455,Compiegne (FRA) 29th Mar,To Be Placed,29-03-2024 13:00,655609,Scaramouche,0,2.92500000,1.0000,1.0000,1.00,1001.00,1.00,1001.00,0.00,0.00,0.00
226787578,Fontainebleau (FRA) 29th Mar,To Be Placed,29-03-2024 13:52,10124130,Giuseppe,0,2.13080489,1.0000,1.0000,1.00,1001.00,1.00,1001.00,0.00,0.00,0.00
226804453,Compiegne (FRA) 29th Mar,To Be Placed,29-03-2024 12:26,56356967,April Galaxy,0,15.58333333,1.0000,1.0000,1.00,1001.00,1.00,1001.00,0.00,0.00,0.00
226804457,Compiegne (FRA) 29th Mar,To Be Placed,29-03-2024 13:35,54706211,Ihoa,0,8.03342428,1.0000,1.0000,1.00,1001.00,1.00,1001.00,0.00,0.00,0.00
226787576,Fontainebleau (FRA) 29th Mar,To Be Placed,29-03-2024 13:17,66242960,Richard De Clare,1,4.31394474,1.0000,1.0000,1.00,1001.00,1.00,1001.00,0.00,0.00,0.00
226804465,Compiegne (FRA) 29th Mar,To Be Placed,29-03-2024 15:55,18045234,Lindomptable,1,2.10000000,1.0000,1.0000,1.00,1001.00,1.00,1001.00,0.00,0.00,0.00
226787574,Fontainebleau (FRA) 29th Mar,To Be Placed,29-03-2024 12:42,62687725,Jeywell,0,1.87000000,1.0000,1.0000,1.00,1001.00,1.00,1001.00,0.00,0.00,0.00
226787578,Fontainebleau (FRA) 29th Mar,To Be Placed,29-03-2024 13:52,67562215,Lady Ange Win,0,12.75000000,1.0000,1.0000,1.00,1001.00,1.00,1001.00,0.00,0.00,0.00
226804469,Compiegne (FRA) 29th Mar,To Be Placed,29-03-2024 17:05,50562244,My Universe,0,5.35000000,1.0000,1.0000,1.00,1001.00,1.00,1001.00,0.00,0.00,0.00
226804469,Compiegne (FRA) 29th Mar,To Be Placed,29-03-2024 17:05,45759743,Goldensim,0,2.79000000,1.0000,1.0000,1.00,1001.00,1.00,1001.00,0.00,0.00,0.00
226804463,Compiegne (FRA) 29th Mar,To Be Placed,29-03-2024 15:20,39466757,Lady Valou,1,5.80000000,1.0000,1.0000,1.00,1001.00,1.00,1001.00,0.00,0.00,0.00
226787568,Fontainebleau (FRA) 29th Mar,To Be Placed,29-03-2024 11:38,64495937,Buckstar,0,4.60000000,1.0000,1.0000,1.00,1001.00,1.00,1001.00,0.00,0.00,0.00
226804461,Compiegne (FRA) 29th Mar,To Be Placed,29-03-2024 14:45,61793750,Baal Howard,0,12.25000000,1.0000,1.0000,1.00,1001.00,1.00,1001.00,0.00,0.00,0.00
226787570,Fontainebleau (FRA) 29th Mar,To Be Placed,29-03-2024 11:06,46363290,Plectrophane Bleu,0,4.14701455,1.0000,1.0000,1.00,1001.00,1.00,1001.00,0.00,0.00,0.00
226804455,Compiegne (FRA) 29th Mar,To Be Placed,29-03-2024 13:00,427148,Finders Keepers,0,1.79000000,1.0000,1.0000,1.00,1001.00,1.00,1001.00,0.00,0.00,0.00
226804463,Compiegne (FRA) 29th Mar,To Be Placed,29-03-2024 15:20,40569447,Sibuyu,0,3.62500000,1.0000,1.0000,1.00,1001.00,1.00,1001.00,0.00,0.00,0.00
226804469,Compiegne (FRA) 29th Mar,To Be Placed,29-03-2024 17:05,48291518,Lingotto,1,2.08000000,1.0000,1.0000,1.00,1001.00,1.00,1001.00,0.00,0.00,0.00
226787570,Fontainebleau (FRA) 29th Mar,To Be Placed,29-03-2024 11:06,41251499,Be A Nice Girl,0,3.45000000,1.0000,1.0000,1.00,1001.00,1.00,1001.00,0.00,0.00,0.00
226787582,Fontainebleau (FRA) 29th Mar,To Be Placed,29-03-2024 15:00,37212732,Harmonie Roque,0,2.82000000,1.0000,1.0000,1.00,1001.00,1.00,1001.00,0.00,0.00,0.00
226787572,Fontainebleau (FRA) 29th Mar,To Be Placed,29-03-2024 12:10,50269680,Jaratata Du Dorat,0,13.40012614,1.0000,1.0000,1.00,1001.00,1.00,1001.00,0.00,0.00,0.00
226787576,Fontainebleau (FRA) 29th Mar,To Be Placed,29-03-2024 13:17,65597100,Kopa Park,0,5.58344314,1.0000,1.0000,1.00,1001.00,1.00,1001.00,0.00,0.00,0.00
226804469,Compiegne (FRA) 29th Mar,To Be Placed,29-03-2024 17:05,116451,Grecian Star,0,3.55000000,1.0000,1.0000,1.00,1001.00,1.00,1001.00,0.00,0.00,0.00
226804469,Compiegne (FRA) 29th Mar,To Be Placed,29-03-2024 17:05,7974489,American Hope,0,3.33535212,1.0000,1.0000,1.00,1001.00,1.00,1001.00,0.00,0.00,0.00
226804455,Compiegne (FRA) 29th Mar,To Be Placed,29-03-2024 13:00,55820563,Ready King,1,3.15000000,1.0000,1.0000,1.00,1001.00,1.00,1001.00,0.00,0.00,0.00
226787580,Fontainebleau (FRA) 29th Mar,To Be Placed,29-03-2024 14:27,879909,Kalamata,0,2.92000000,1.0000,1.0000,1.00,1001.00,1.00,1001.00,0.00,0.00,0.00
226804463,Compiegne (FRA) 29th Mar,To Be Placed,29-03-2024 15:20,31755841,Princedeschamps,0,2.82000000,1.0000,1.0000,1.00,1001.00,1.00,1001.00,0.00,0.00,0.00
226787580,Fontainebleau (FRA) 29th Mar,To Be Placed,29-03-2024 14:27,55820582,Gold Curtain,0,21.00000000,1.0000,1.0000,1.00,1001.00,1.00,1001.00,0.00,0.00,0.00
226804465,Compiegne (FRA) 29th Mar,To Be Placed,29-03-2024 15:55,39297819,Afghany,0,3.45000000,1.0000,1.0000,1.00,1001.00,1.00,1001.00,0.00,0.00,0.00
226804453,Compiegne (FRA) 29th Mar,To Be Placed,29-03-2024 12:26,41061637,Sleepy Suzy,0,2.56000000,1.0000,1.0000,1.00,1001.00,1.00,1001.00,0.00,0.00,0.00
226787574,Fontainebleau (FRA) 29th Mar,To Be Placed,29-03-2024 12:42,63264477,Klaire Secrete,1,1.77834717,1.0000,1.0000,1.00,1001.00,1.00,1001.00,0.00,0.00,0.00
226804459,Compiegne (FRA) 29th Mar,To Be Placed,29-03-2024 14:10,16635869,Momour,1,2.43924333,1.0000,1.0000,1.00,1001.00,1.00,1001.00,0.00,0.00,0.00
226787578,Fontainebleau (FRA) 29th Mar,To Be Placed,29-03-2024 13:52,67132044,Saucats,0,4.40000000,1.0000,1.0000,1.00,1001.00,1.00,1001.00,0.00,0.00,0.00
226804459,Compiegne (FRA) 29th Mar,To Be Placed,29-03-2024 14:10,18751675,Tender Winner,1,11.16047601,1.0000,1.0000,1.00,1001.00,1.00,1001.00,0.00,0.00,0.00
226787582,Fontainebleau (FRA) 29th Mar,To Be Placed,29-03-2024 15:00,24129644,Elcondor Forlonge,1,2.20000000,1.0000,1.0000,1.00,1001.00,1.00,1001.00,0.00,0.00,0.00
226804465,Compiegne (FRA) 29th Mar,To Be Placed,29-03-2024 15:55,54635898,Les Embruns,0,9.80000000,1.0000,1.0000,1.00,1001.00,1.00,1001.00,0.00,0.00,0.00
226804463,Compiegne (FRA) 29th Mar,To Be Placed,29-03-2024 15:20,39244217,Mitarc,1,6.80000000,1.0000,1.0000,1.00,1001.00,1.00,1001.00,0.00,0.00,0.00
226787576,Fontainebleau (FRA) 29th Mar,To Be Placed,29-03-2024 13:17,67562212,Clo Des Flos,0,20.33888969,1.0000,1.0000,1.00,1001.00,1.00,1001.00,0.00,0.00,0.00
226787570,Fontainebleau (FRA) 29th Mar,To Be Placed,29-03-2024 11:06,28673205,Fortunes Melody,1,1.19500000,1.0000,1.1838,1.00,1001.00,1.00,1001.00,359.84,0.00,0.00
226804467,Compiegne (FRA) 29th Mar,To Be Placed,29-03-2024 16:30,49951616,Kalife Alaplace,1,3.00000000,1.0000,1.0000,1.00,1001.00,1.00,1001.00,0.00,0.00,0.00
226804469,Compiegne (FRA) 29th Mar,To Be Placed,29-03-2024 17:05,8397432,First Page,0,16.00000000,1.0000,1.0000,1.00,1001.00,1.00,1001.00,0.00,0.00,0.00
226804453,Compiegne (FRA) 29th Mar,To Be Placed,29-03-2024 12:26,4779888,So Gold,0,4.08085722,1.0000,1.0000,1.00,1001.00,1.00,1001.00,0.00,0.00,0.00
226787578,Fontainebleau (FRA) 29th Mar,To Be Placed,29-03-2024 13:52,67562220,Lylian,0,2.66000000,1.0000,1.0000,1.00,1001.00,1.00,1001.00,0.00,0.00,0.00
226787574,Fontainebleau (FRA) 29th Mar,To Be Placed,29-03-2024 12:42,47318488,Jade De Turgeon,0,6.40000000,1.0000,1.0000,1.00,1001.00,1.00,1001.00,0.00,0.00,0.00
226804465,Compiegne (FRA) 29th Mar,To Be Placed,29-03-2024 15:55,46905084,Gamechanger,1,1.99000000,1.0000,1.0000,1.00,1001.00,1.00,1001.00,0.00,0.00,0.00
226787576,Fontainebleau (FRA) 29th Mar,To Be Placed,29-03-2024 13:17,49119174,Zvikov,1,2.16840383,1.0000,1.0000,1.00,1001.00,1.00,1001.00,0.00,0.00,0.00
226787578,Fontainebleau (FRA) 29th Mar,To Be Placed,29-03-2024 13:52,67562222,Lolita Des Mottes,1,3.12500000,1.0000,1.0000,1.00,1001.00,1.00,1001.00,0.00,0.00,0.00
226804461,Compiegne (FRA) 29th Mar,To Be Placed,29-03-2024 14:45,60696438,Lucky Bere,1,1.73000000,1.0000,1.0000,1.00,1001.00,1.00,1001.00,0.00,0.00,0.00
226804467,Compiegne (FRA) 29th Mar,To Be Placed,29-03-2024 16:30,44914366,October Chope,0,7.17283950,1.0000,1.0000,1.00,1001.00,1.00,1001.00,0.00,0.00,0.00
226787568,Fontainebleau (FRA) 29th Mar,To Be Placed,29-03-2024 11:38,63940578,Kinder Des Ongrais,0,6.10000000,1.0000,1.0000,1.00,1001.00,1.00,1001.00,0.00,0.00,0.00
226804463,Compiegne (FRA) 29th Mar,To Be Placed,29-03-2024 15:20,12984463,Lie High,0,49.60138733,1.0000,1.0000,1.00,1001.00,1.00,1001.00,0.00,0.00,0.00
226804455,Compiegne (FRA) 29th Mar,To Be Placed,29-03-2024 13:00,59416609,Bejar,1,1.47000000,1.0000,1.0000,1.00,1001.00,1.00,1001.00,0.00,0.00,0.00
226787572,Fontainebleau (FRA) 29th Mar,To Be Placed,29-03-2024 12:10,45462693,As Magnetic,1,1.77788820,1.0000,1.0000,1.00,1001.00,1.00,1001.00,0.00,0.00,0.00
226804467,Compiegne (FRA) 29th Mar,To Be Placed,29-03-2024 16:30,54186379,Neowise,0,5.50000000,1.0000,1.0000,1.00,1001.00,1.00,1001.00,0.00,0.00,0.00
226804455,Compiegne (FRA) 29th Mar,To Be Placed,29-03-2024 13:00,55207296,Bombey,0,2.83661015,1.0000,1.0000,1.00,1001.00,1.00,1001.00,0.00,0.00,0.00
226787572,Fontainebleau (FRA) 29th Mar,To Be Placed,29-03-2024 12:10,22290829,Fanfaron Special,0,2.72000000,1.0000,1.0000,1.00,1001.00,1.00,1001.00,0.00,0.00,0.00
